,clipName,pptID,condition,gettingOnWell,relationshipBetweenCharacters,workingTogether,leftDominant,rightDominant,leftCooperative,rightCooperative,leftCompetitive,rightCompetitive,leftFriendly,rightFriendly,leftAggressive,rightAggressive,leftEngaged,rightEngaged,leftFearful,rightFearful,leftSad,rightSad,leftContent,rightContent,leftAngry,rightAngry,leftAmused,rightAmused
0,1Laugh1PushAway,55,4,0.0,0.0,0.0,4.0,4.0,4.0,4.0,4.0,4.0,4.0,4.0,4.0,4.0,3.0,3.0,3.0,4.0,2.0,1.0,2.0,2.0,2.0,2.0,1.0,2.0
1,1Laugh1PushAway,87,4,1.0,0.0,2.0,0.0,4.0,2.0,0.0,0.0,4.0,3.0,0.0,0.0,4.0,3.0,2.0,0.0,0.0,0.0,0.0,1.0,0.0,0.0,2.0,3.0,1.0
2,1Laugh1PushAway,118,2,0.0,0.0,0.0,1.0,3.0,4.0,4.0,0.0,0.0,4.0,4.0,0.0,0.0,3.0,4.0,0.0,0.0,0.0,0.0,4.0,4.0,0.0,0.0,4.0,3.0
3,1Laugh1PushAway,136,2,2.0,0.0,2.0,1.0,3.0,1.0,2.0,1.0,3.0,3.0,2.0,1.0,3.0,1.0,3.0,2.0,1.0,2.0,2.0,1.0,1.0,1.0,3.0,2.0,2.0
4,1Laugh1PushAway,417,4,2.0,2.0,2.0,2.0,3.0,1.0,1.0,1.0,3.0,1.0,1.0,2.0,3.0,3.0,3.0,2.0,2.0,2.0,2.0,3.0,1.0,1.0,3.0,3.0,1.0
5,1Laugh1PushAway,681,4,1.0,1.0,2.0,1.0,3.0,1.0,1.0,2.0,4.0,1.0,1.0,3.0,1.0,1.0,3.0,0.0,0.0,0.0,0.0,3.0,2.0,0.0,0.0,4.0,2.0
6,1Laugh1PushAway,695,4,0.0,0.0,1.0,3.0,3.0,2.0,4.0,4.0,4.0,4.0,4.0,0.0,0.0,3.0,4.0,0.0,0.0,0.0,0.0,4.0,4.0,0.0,0.0,4.0,3.0
7,1Laugh1PushAway,1031,4,2.0,2.0,2.0,0.0,4.0,3.0,0.0,1.0,3.0,4.0,1.0,0.0,4.0,1.0,4.0,0.0,0.0,0.0,0.0,2.0,2.0,0.0,4.0,3.0,1.0
8,1Laugh1PushAway,1315,4,1.0,0.0,0.0,0.0,4.0,0.0,0.0,0.0,4.0,4.0,0.0,0.0,4.0,3.0,1.0,3.0,0.0,0.0,0.0,3.0,1.0,0.0,0.0,3.0,1.0
9,1Laugh1PushAway,1460,2,0.0,0.0,0.0,2.0,2.0,4.0,4.0,2.0,2.0,4.0,4.0,0.0,0.0,4.0,4.0,0.0,0.0,0.0,0.0,4.0,4.0,0.0,0.0,4.0,4.0
10,1Laugh1PushAway,1506,2,0.0,0.0,0.0,3.0,3.0,3.0,3.0,3.0,3.0,3.0,3.0,3.0,3.0,3.0,3.0,3.0,3.0,1.0,1.0,3.0,3.0,1.0,1.0,1.0,1.0
11,1Laugh1PushAway,1508,2,0.0,0.0,0.0,3.0,1.0,0.0,4.0,3.0,3.0,2.0,0.0,4.0,4.0,3.0,4.0,3.0,1.0,3.0,0.0,2.0,0.0,4.0,1.0,2.0,2.0
12,1Laugh1PushAway,1659,2,2.0,2.0,2.0,0.0,4.0,2.0,0.0,1.0,4.0,2.0,0.0,1.0,4.0,3.0,4.0,1.0,0.0,2.0,0.0,1.0,0.0,1.0,4.0,2.0,1.0
13,1Laugh1PushAway,3115,4,1.0,0.0,0.0,3.0,3.0,3.0,3.0,3.0,4.0,3.0,3.0,3.0,3.0,4.0,4.0,1.0,3.0,1.0,2.0,4.0,2.0,1.0,3.0,4.0,1.0
14,1Laugh1PushAway,3127,4,0.0,1.0,0.0,3.0,3.0,3.0,4.0,3.0,2.0,3.0,3.0,4.0,3.0,2.0,3.0,3.0,4.0,3.0,3.0,1.0,3.0,2.0,3.0,2.0,2.0
15,1Laugh1PushAway,3515,4,2.0,2.0,2.0,3.0,2.0,0.0,1.0,1.0,2.0,0.0,2.0,3.0,2.0,1.0,4.0,1.0,3.0,1.0,3.0,1.0,1.0,1.0,3.0,3.0,1.0
16,1Laugh1PushAway,4225,2,1.0,1.0,1.0,1.0,3.0,3.0,1.0,1.0,3.0,3.0,1.0,1.0,3.0,3.0,3.0,1.0,1.0,1.0,1.0,3.0,1.0,1.0,3.0,3.0,1.0
17,1Laugh1PushAway,4487,4,0.0,0.0,0.0,1.0,1.0,3.0,3.0,1.0,1.0,3.0,3.0,1.0,1.0,1.0,3.0,1.0,1.0,1.0,1.0,3.0,3.0,1.0,1.0,3.0,4.0
18,1Laugh1PushAway,4568,2,2.0,2.0,2.0,1.0,4.0,1.0,1.0,0.0,4.0,2.0,1.0,0.0,4.0,3.0,4.0,3.0,0.0,0.0,0.0,1.0,0.0,0.0,3.0,0.0,0.0
19,1Laugh1PushAway,4874,2,0.0,0.0,0.0,2.0,2.0,3.0,3.0,2.0,2.0,3.0,3.0,1.0,1.0,3.0,3.0,1.0,1.0,1.0,1.0,3.0,3.0,1.0,1.0,3.0,3.0
20,1Laugh1PushAway,5026,2,2.0,2.0,1.0,4.0,0.0,4.0,4.0,3.0,3.0,0.0,0.0,0.0,2.0,0.0,4.0,0.0,0.0,4.0,0.0,3.0,3.0,3.0,0.0,2.0,0.0
21,1Laugh1PushAway,5171,2,1.0,1.0,0.0,1.0,3.0,3.0,3.0,0.0,0.0,3.0,3.0,1.0,1.0,3.0,3.0,1.0,1.0,1.0,1.0,2.0,2.0,1.0,1.0,2.0,2.0
22,1Laugh1PushAway,6111,4,0.0,1.0,2.0,1.0,3.0,2.0,2.0,1.0,1.0,3.0,1.0,1.0,3.0,3.0,3.0,0.0,0.0,0.0,0.0,3.0,3.0,1.0,1.0,4.0,3.0
23,1Laugh1PushAway,7715,2,0.0,0.0,0.0,2.0,2.0,3.0,3.0,3.0,3.0,3.0,3.0,2.0,2.0,3.0,3.0,1.0,1.0,3.0,1.0,3.0,3.0,1.0,1.0,3.0,3.0
24,1Laugh1PushAway,7735,4,2.0,0.0,2.0,0.0,3.0,3.0,1.0,1.0,3.0,4.0,1.0,1.0,4.0,2.0,4.0,1.0,3.0,1.0,3.0,2.0,1.0,0.0,3.0,3.0,1.0
25,1Laugh1PushAway,8066,2,2.0,2.0,2.0,1.0,4.0,1.0,0.0,0.0,3.0,1.0,1.0,0.0,3.0,3.0,4.0,3.0,1.0,3.0,0.0,1.0,1.0,1.0,1.0,3.0,1.0
26,1Laugh1PushAway,8659,2,0.0,0.0,0.0,1.0,1.0,3.0,3.0,1.0,1.0,3.0,3.0,1.0,1.0,3.0,3.0,1.0,1.0,2.0,1.0,2.0,2.0,1.0,1.0,3.0,3.0
27,1Laugh1PushAway,8820,2,0.0,0.0,0.0,0.0,0.0,4.0,4.0,0.0,0.0,4.0,4.0,0.0,0.0,4.0,4.0,0.0,0.0,0.0,0.0,4.0,4.0,0.0,0.0,0.0,0.0
28,1Laugh1PushAway,9442,2,2.0,2.0,2.0,3.0,1.0,0.0,1.0,4.0,3.0,0.0,0.0,4.0,2.0,3.0,3.0,1.0,3.0,0.0,1.0,1.0,1.0,3.0,1.0,1.0,1.0
29,1Laughing,29,4,1.0,1.0,1.0,4.0,2.0,1.0,1.0,4.0,2.0,4.0,1.0,4.0,2.0,3.0,0.0,4.0,2.0,4.0,1.0,4.0,2.0,0.0,2.0,2.0,2.0
30,1Laughing,132,2,1.0,0.0,0.0,2.0,3.0,3.0,2.0,1.0,3.0,3.0,1.0,1.0,3.0,3.0,2.0,1.0,3.0,1.0,3.0,1.0,2.0,1.0,3.0,4.0,2.0
31,1Laughing,314,2,0.0,0.0,0.0,3.0,1.0,1.0,3.0,3.0,1.0,1.0,3.0,3.0,1.0,1.0,3.0,1.0,3.0,1.0,3.0,1.0,3.0,3.0,1.0,3.0,1.0
32,1Laughing,375,4,0.0,0.0,0.0,3.0,2.0,4.0,4.0,3.0,3.0,3.0,4.0,1.0,0.0,4.0,3.0,2.0,0.0,1.0,0.0,2.0,3.0,0.0,0.0,3.0,4.0
33,1Laughing,391,4,0.0,1.0,0.0,3.0,1.0,2.0,2.0,2.0,3.0,3.0,3.0,0.0,3.0,4.0,2.0,1.0,2.0,0.0,0.0,3.0,3.0,0.0,2.0,2.0,3.0
34,1Laughing,539,4,2.0,2.0,2.0,3.0,2.0,1.0,0.0,1.0,1.0,0.0,0.0,3.0,3.0,3.0,3.0,1.0,0.0,1.0,0.0,2.0,2.0,1.0,0.0,3.0,4.0
35,1Laughing,568,2,0.0,2.0,1.0,0.0,1.0,3.0,3.0,1.0,3.0,3.0,3.0,3.0,3.0,1.0,3.0,3.0,1.0,3.0,3.0,1.0,3.0,3.0,1.0,3.0,3.0
36,1Laughing,581,4,0.0,0.0,0.0,2.0,2.0,3.0,4.0,1.0,1.0,3.0,3.0,2.0,2.0,3.0,3.0,2.0,2.0,1.0,1.0,2.0,2.0,1.0,1.0,2.0,2.0
37,1Laughing,587,4,0.0,0.0,0.0,2.0,2.0,3.0,3.0,2.0,2.0,3.0,3.0,1.0,1.0,3.0,3.0,1.0,1.0,1.0,1.0,3.0,2.0,1.0,1.0,2.0,3.0
38,1Laughing,681,4,0.0,0.0,0.0,3.0,2.0,2.0,3.0,2.0,2.0,2.0,4.0,3.0,1.0,4.0,4.0,0.0,0.0,0.0,0.0,3.0,3.0,0.0,0.0,3.0,4.0
39,1Laughing,772,2,1.0,0.0,1.0,4.0,0.0,2.0,2.0,3.0,2.0,3.0,3.0,3.0,2.0,3.0,3.0,1.0,1.0,1.0,1.0,2.0,2.0,1.0,2.0,3.0,2.0
40,1Laughing,793,4,0.0,1.0,0.0,3.0,2.0,3.0,4.0,3.0,1.0,2.0,4.0,3.0,1.0,4.0,3.0,0.0,0.0,0.0,0.0,3.0,4.0,0.0,0.0,1.0,4.0
41,1Laughing,889,2,0.0,0.0,0.0,1.0,1.0,4.0,4.0,1.0,1.0,4.0,4.0,1.0,1.0,4.0,4.0,1.0,1.0,0.0,0.0,4.0,4.0,1.0,1.0,3.0,4.0
42,1Laughing,1315,4,0.0,0.0,0.0,0.0,0.0,4.0,4.0,1.0,1.0,4.0,4.0,0.0,0.0,0.0,0.0,0.0,0.0,0.0,0.0,1.0,1.0,0.0,0.0,1.0,0.0
43,1Laughing,1506,2,1.0,0.0,1.0,2.0,2.0,2.0,2.0,3.0,3.0,3.0,3.0,3.0,3.0,3.0,3.0,3.0,3.0,1.0,1.0,2.0,2.0,0.0,0.0,1.0,1.0
44,1Laughing,1606,2,0.0,0.0,1.0,3.0,3.0,3.0,3.0,1.0,1.0,3.0,3.0,1.0,1.0,4.0,4.0,0.0,1.0,0.0,0.0,3.0,3.0,0.0,0.0,3.0,4.0
45,1Laughing,2251,4,0.0,1.0,0.0,1.0,1.0,3.0,3.0,1.0,1.0,4.0,4.0,0.0,0.0,3.0,3.0,0.0,0.0,0.0,0.0,3.0,3.0,0.0,0.0,3.0,4.0
46,1Laughing,2590,2,2.0,1.0,2.0,1.0,1.0,1.0,1.0,2.0,2.0,1.0,1.0,0.0,0.0,1.0,1.0,1.0,1.0,1.0,1.0,1.0,1.0,4.0,4.0,1.0,1.0
47,1Laughing,2975,2,1.0,0.0,0.0,3.0,1.0,1.0,3.0,4.0,0.0,3.0,3.0,3.0,0.0,3.0,3.0,0.0,3.0,1.0,2.0,3.0,2.0,3.0,0.0,3.0,3.0
48,1Laughing,3048,2,0.0,0.0,0.0,3.0,1.0,3.0,1.0,1.0,1.0,3.0,3.0,3.0,1.0,3.0,1.0,1.0,3.0,1.0,1.0,1.0,1.0,1.0,1.0,3.0,1.0
49,1Laughing,3260,2,0.0,0.0,1.0,1.0,1.0,3.0,3.0,1.0,1.0,3.0,3.0,1.0,1.0,3.0,3.0,1.0,1.0,1.0,1.0,3.0,3.0,1.0,1.0,1.0,1.0
50,1Laughing,4166,2,1.0,1.0,0.0,0.0,1.0,0.0,4.0,4.0,3.0,2.0,4.0,3.0,4.0,4.0,4.0,2.0,2.0,0.0,1.0,0.0,1.0,3.0,1.0,3.0,4.0
51,1Laughing,4867,4,0.0,0.0,1.0,3.0,2.0,3.0,3.0,2.0,2.0,3.0,3.0,1.0,1.0,3.0,1.0,1.0,1.0,1.0,1.0,3.0,3.0,1.0,1.0,3.0,3.0
52,1Laughing,4935,4,0.0,0.0,0.0,4.0,2.0,3.0,3.0,4.0,2.0,3.0,3.0,1.0,1.0,4.0,3.0,0.0,0.0,0.0,0.0,3.0,2.0,0.0,0.0,2.0,3.0
53,1Laughing,5019,2,0.0,0.0,0.0,2.0,2.0,3.0,3.0,1.0,1.0,3.0,2.0,3.0,2.0,4.0,2.0,0.0,0.0,0.0,0.0,2.0,2.0,0.0,0.0,2.0,2.0
54,1Laughing,5026,2,0.0,0.0,0.0,1.0,4.0,2.0,2.0,3.0,4.0,3.0,4.0,1.0,3.0,0.0,4.0,1.0,4.0,0.0,2.0,3.0,3.0,4.0,3.0,1.0,3.0
55,1Laughing,5590,2,0.0,0.0,1.0,1.0,3.0,3.0,3.0,1.0,1.0,3.0,3.0,1.0,1.0,3.0,3.0,1.0,1.0,1.0,1.0,3.0,3.0,1.0,1.0,3.0,3.0
56,1Laughing,5623,2,0.0,0.0,0.0,3.0,1.0,2.0,2.0,1.0,1.0,3.0,3.0,1.0,1.0,3.0,3.0,1.0,1.0,0.0,0.0,2.0,2.0,1.0,1.0,3.0,3.0
57,1Laughing,6519,4,0.0,1.0,2.0,4.0,0.0,1.0,4.0,3.0,0.0,2.0,4.0,2.0,0.0,4.0,3.0,0.0,0.0,0.0,0.0,2.0,4.0,0.0,0.0,2.0,4.0
58,1Laughing,7596,2,0.0,0.0,1.0,3.0,3.0,3.0,3.0,3.0,2.0,3.0,3.0,2.0,3.0,3.0,3.0,1.0,2.0,1.0,1.0,3.0,2.0,2.0,1.0,3.0,3.0
59,1Laughing,7735,4,0.0,2.0,1.0,2.0,1.0,2.0,3.0,3.0,2.0,2.0,3.0,2.0,1.0,4.0,3.0,1.0,1.0,3.0,1.0,2.0,3.0,2.0,0.0,1.0,4.0
60,1Laughing,8067,2,0.0,0.0,0.0,3.0,3.0,3.0,3.0,3.0,3.0,3.0,4.0,3.0,3.0,4.0,4.0,1.0,1.0,0.0,0.0,3.0,3.0,0.0,0.0,3.0,3.0
61,1Laughing,8408,2,0.0,0.0,0.0,1.0,1.0,3.0,3.0,1.0,1.0,3.0,3.0,1.0,1.0,3.0,3.0,0.0,0.0,0.0,0.0,3.0,3.0,1.0,1.0,3.0,4.0
62,1Laughing,8655,4,1.0,2.0,2.0,0.0,3.0,1.0,4.0,1.0,3.0,0.0,4.0,2.0,2.0,2.0,4.0,2.0,2.0,1.0,1.0,1.0,3.0,3.0,0.0,2.0,1.0
63,1Laughing,8791,4,1.0,1.0,0.0,2.0,3.0,3.0,2.0,2.0,3.0,4.0,3.0,2.0,3.0,3.0,3.0,2.0,4.0,3.0,3.0,2.0,4.0,3.0,2.0,4.0,3.0
64,1Laughing,8820,2,0.0,0.0,0.0,0.0,0.0,3.0,3.0,0.0,0.0,4.0,4.0,0.0,0.0,4.0,4.0,0.0,0.0,0.0,0.0,4.0,4.0,0.0,0.0,4.0,4.0
65,1Laughing,9527,2,1.0,2.0,2.0,4.0,1.0,1.0,1.0,3.0,1.0,1.0,1.0,4.0,2.0,3.0,3.0,1.0,3.0,2.0,3.0,2.0,1.0,3.0,3.0,1.0,0.0
66,1Laughing,9919,4,0.0,0.0,0.0,2.0,2.0,4.0,4.0,2.0,2.0,4.0,4.0,0.0,0.0,4.0,4.0,0.0,0.0,0.0,0.0,4.0,4.0,0.0,0.0,4.0,4.0
67,1PushBothExcited,1,4,1.0,1.0,2.0,3.0,2.0,2.0,3.0,2.0,1.0,2.0,3.0,2.0,1.0,3.0,3.0,2.0,1.0,2.0,3.0,3.0,2.0,2.0,3.0,1.0,2.0
68,1PushBothExcited,7,4,0.0,0.0,0.0,0.0,4.0,4.0,0.0,0.0,4.0,4.0,3.0,0.0,4.0,4.0,4.0,0.0,0.0,0.0,0.0,4.0,4.0,0.0,0.0,4.0,4.0
69,1PushBothExcited,36,2,2.0,2.0,2.0,3.0,1.0,1.0,3.0,3.0,3.0,1.0,1.0,3.0,3.0,1.0,3.0,1.0,2.0,1.0,2.0,1.0,1.0,3.0,3.0,1.0,1.0
70,1PushBothExcited,55,4,0.0,0.0,0.0,4.0,4.0,4.0,4.0,3.0,4.0,4.0,3.0,3.0,4.0,3.0,3.0,3.0,4.0,3.0,2.0,2.0,2.0,1.0,1.0,2.0,2.0
71,1PushBothExcited,118,2,1.0,0.0,0.0,1.0,4.0,2.0,0.0,1.0,4.0,2.0,1.0,0.0,3.0,4.0,4.0,1.0,0.0,3.0,0.0,2.0,2.0,1.0,3.0,1.0,0.0
72,1PushBothExcited,126,2,0.0,0.0,0.0,1.0,3.0,3.0,3.0,1.0,4.0,3.0,3.0,1.0,3.0,3.0,4.0,1.0,0.0,1.0,0.0,3.0,3.0,1.0,3.0,1.0,1.0
73,1PushBothExcited,171,4,0.0,0.0,2.0,1.0,3.0,3.0,3.0,3.0,3.0,3.0,3.0,1.0,3.0,4.0,4.0,1.0,1.0,1.0,1.0,3.0,3.0,1.0,1.0,4.0,4.0
74,1PushBothExcited,367,4,1.0,0.0,0.0,3.0,4.0,1.0,2.0,4.0,3.0,1.0,2.0,2.0,3.0,3.0,2.0,2.0,3.0,1.0,4.0,1.0,2.0,2.0,3.0,3.0,4.0
75,1PushBothExcited,375,4,0.0,0.0,1.0,1.0,3.0,3.0,1.0,2.0,4.0,4.0,2.0,1.0,3.0,3.0,4.0,1.0,0.0,0.0,0.0,3.0,3.0,0.0,0.0,3.0,3.0
76,1PushBothExcited,772,2,2.0,2.0,2.0,1.0,3.0,1.0,1.0,3.0,3.0,1.0,2.0,3.0,3.0,3.0,3.0,2.0,2.0,1.0,1.0,2.0,2.0,2.0,2.0,1.0,1.0
77,1PushBothExcited,889,2,2.0,1.0,1.0,1.0,4.0,2.0,0.0,2.0,4.0,2.0,1.0,1.0,4.0,3.0,1.0,3.0,1.0,2.0,1.0,1.0,1.0,2.0,4.0,1.0,1.0
78,1PushBothExcited,1315,4,2.0,0.0,2.0,0.0,4.0,4.0,0.0,0.0,4.0,4.0,0.0,0.0,4.0,3.0,1.0,0.0,0.0,0.0,2.0,0.0,0.0,0.0,2.0,2.0,1.0
79,1PushBothExcited,1460,2,0.0,0.0,0.0,3.0,3.0,4.0,4.0,3.0,3.0,4.0,4.0,2.0,2.0,4.0,4.0,0.0,0.0,0.0,0.0,4.0,4.0,0.0,0.0,3.0,3.0
80,1PushBothExcited,1803,4,0.0,0.0,0.0,1.0,3.0,3.0,3.0,1.0,3.0,3.0,3.0,1.0,3.0,3.0,3.0,1.0,1.0,1.0,1.0,3.0,3.0,1.0,1.0,3.0,3.0
81,1PushBothExcited,1862,2,1.0,0.0,1.0,3.0,2.0,1.0,3.0,3.0,3.0,3.0,1.0,3.0,3.0,3.0,3.0,1.0,1.0,1.0,1.0,2.0,2.0,1.0,1.0,1.0,1.0
82,1PushBothExcited,2099,2,0.0,0.0,0.0,1.0,3.0,3.0,3.0,1.0,1.0,3.0,3.0,0.0,0.0,3.0,3.0,0.0,0.0,0.0,0.0,3.0,3.0,1.0,3.0,1.0,1.0
83,1PushBothExcited,2251,4,0.0,0.0,2.0,0.0,3.0,4.0,1.0,0.0,3.0,4.0,1.0,0.0,3.0,4.0,4.0,0.0,0.0,0.0,0.0,2.0,1.0,0.0,0.0,3.0,2.0
84,1PushBothExcited,4225,2,0.0,0.0,0.0,2.0,2.0,3.0,3.0,3.0,3.0,3.0,3.0,3.0,3.0,3.0,3.0,1.0,1.0,1.0,1.0,3.0,3.0,1.0,1.0,1.0,1.0
85,1PushBothExcited,4487,4,1.0,0.0,2.0,1.0,0.0,3.0,1.0,1.0,3.0,3.0,2.0,1.0,3.0,2.0,3.0,1.0,1.0,1.0,1.0,1.0,3.0,2.0,1.0,1.0,3.0
86,1PushBothExcited,4855,4,0.0,1.0,1.0,1.0,3.0,3.0,1.0,1.0,3.0,3.0,2.0,1.0,3.0,3.0,4.0,1.0,1.0,1.0,1.0,3.0,2.0,1.0,1.0,3.0,2.0
87,1PushBothExcited,5840,2,2.0,2.0,2.0,1.0,4.0,0.0,0.0,3.0,2.0,1.0,3.0,2.0,4.0,0.0,3.0,4.0,2.0,2.0,0.0,1.0,3.0,1.0,2.0,0.0,3.0
88,1PushBothExcited,7439,4,1.0,0.0,0.0,2.0,3.0,3.0,2.0,2.0,3.0,3.0,3.0,2.0,3.0,3.0,3.0,2.0,1.0,2.0,1.0,2.0,2.0,1.0,3.0,0.0,0.0
89,1PushBothExcited,7596,2,0.0,1.0,0.0,3.0,2.0,3.0,3.0,3.0,3.0,3.0,3.0,3.0,2.0,3.0,1.0,1.0,2.0,1.0,1.0,4.0,3.0,3.0,1.0,2.0,2.0
90,1PushBothExcited,7876,2,1.0,2.0,0.0,2.0,3.0,3.0,3.0,1.0,2.0,3.0,2.0,1.0,2.0,4.0,4.0,2.0,1.0,2.0,1.0,1.0,2.0,1.0,2.0,1.0,1.0
91,1PushBothExcited,8408,2,2.0,2.0,2.0,0.0,4.0,3.0,0.0,2.0,4.0,2.0,0.0,1.0,4.0,3.0,4.0,4.0,1.0,3.0,1.0,1.0,1.0,1.0,3.0,1.0,1.0
92,1PushBothExcited,8659,2,0.0,0.0,0.0,1.0,1.0,4.0,4.0,0.0,0.0,3.0,3.0,1.0,1.0,4.0,4.0,0.0,0.0,0.0,0.0,3.0,3.0,1.0,1.0,3.0,3.0
93,1PushBothExcited,9442,2,2.0,2.0,2.0,3.0,1.0,1.0,1.0,3.0,3.0,1.0,1.0,3.0,3.0,3.0,3.0,2.0,2.0,1.0,1.0,1.0,1.0,3.0,3.0,0.0,0.0
94,1PushesHand,23,4,0.0,1.0,1.0,1.0,1.0,3.0,3.0,1.0,1.0,3.0,3.0,1.0,1.0,3.0,3.0,1.0,1.0,1.0,1.0,3.0,3.0,1.0,1.0,3.0,3.0
95,1PushesHand,126,2,0.0,0.0,0.0,0.0,0.0,4.0,4.0,0.0,0.0,4.0,4.0,0.0,0.0,4.0,4.0,0.0,0.0,0.0,0.0,3.0,3.0,0.0,0.0,0.0,0.0
96,1PushesHand,539,4,0.0,0.0,0.0,3.0,4.0,3.0,4.0,4.0,3.0,4.0,3.0,1.0,0.0,3.0,4.0,4.0,3.0,1.0,0.0,4.0,4.0,1.0,0.0,3.0,3.0
97,1PushesHand,681,4,2.0,2.0,2.0,0.0,4.0,2.0,2.0,0.0,4.0,2.0,0.0,1.0,4.0,2.0,3.0,3.0,0.0,2.0,0.0,1.0,3.0,2.0,0.0,1.0,3.0
98,1PushesHand,945,4,2.0,2.0,2.0,1.0,3.0,3.0,1.0,0.0,4.0,3.0,2.0,0.0,4.0,3.0,4.0,1.0,0.0,1.0,0.0,2.0,3.0,0.0,3.0,2.0,3.0
99,1PushesHand,1255,4,1.0,1.0,1.0,1.0,3.0,2.0,2.0,3.0,4.0,2.0,2.0,1.0,3.0,3.0,4.0,3.0,1.0,2.0,2.0,2.0,2.0,2.0,2.0,2.0,2.0
100,1PushesHand,1384,4,0.0,1.0,1.0,1.0,3.0,2.0,1.0,2.0,3.0,2.0,1.0,2.0,3.0,3.0,3.0,1.0,1.0,1.0,1.0,2.0,2.0,1.0,1.0,1.0,1.0
101,1PushesHand,1395,4,2.0,1.0,0.0,1.0,3.0,3.0,1.0,1.0,3.0,3.0,1.0,1.0,3.0,4.0,3.0,1.0,2.0,1.0,2.0,3.0,1.0,1.0,3.0,1.0,1.0
102,1PushesHand,2291,4,2.0,2.0,1.0,4.0,3.0,0.0,4.0,3.0,3.0,0.0,3.0,3.0,1.0,0.0,1.0,0.0,0.0,1.0,1.0,3.0,3.0,4.0,1.0,3.0,3.0
103,1PushesHand,2755,4,2.0,2.0,2.0,1.0,3.0,3.0,0.0,2.0,4.0,1.0,1.0,3.0,4.0,1.0,4.0,2.0,0.0,3.0,0.0,1.0,1.0,3.0,3.0,1.0,3.0
104,1PushesHand,2975,2,0.0,0.0,0.0,1.0,1.0,4.0,4.0,0.0,0.0,3.0,3.0,0.0,0.0,4.0,3.0,0.0,0.0,1.0,1.0,4.0,3.0,0.0,0.0,4.0,3.0
105,1PushesHand,3479,4,0.0,1.0,0.0,0.0,0.0,3.0,3.0,4.0,2.0,3.0,3.0,1.0,1.0,3.0,0.0,3.0,2.0,0.0,0.0,2.0,1.0,1.0,0.0,1.0,0.0
106,1PushesHand,4150,2,1.0,1.0,1.0,3.0,1.0,2.0,2.0,3.0,3.0,1.0,2.0,3.0,2.0,3.0,3.0,1.0,1.0,1.0,1.0,1.0,1.0,1.0,1.0,1.0,1.0
107,1PushesHand,4236,2,2.0,1.0,2.0,1.0,3.0,2.0,1.0,1.0,3.0,2.0,1.0,1.0,3.0,3.0,3.0,2.0,1.0,2.0,1.0,1.0,2.0,2.0,2.0,1.0,1.0
108,1PushesHand,5019,2,1.0,0.0,0.0,4.0,0.0,3.0,3.0,1.0,1.0,3.0,2.0,2.0,1.0,1.0,4.0,0.0,0.0,0.0,2.0,2.0,2.0,1.0,1.0,1.0,1.0
109,1PushesHand,5623,2,0.0,1.0,0.0,1.0,1.0,4.0,4.0,0.0,0.0,3.0,3.0,1.0,1.0,4.0,4.0,0.0,0.0,0.0,0.0,3.0,3.0,1.0,1.0,2.0,2.0
110,1PushesHand,5840,2,0.0,0.0,0.0,3.0,2.0,2.0,2.0,3.0,2.0,2.0,3.0,1.0,1.0,3.0,2.0,2.0,1.0,1.0,0.0,3.0,4.0,0.0,0.0,3.0,2.0
111,1PushesHand,6519,4,2.0,2.0,2.0,0.0,4.0,3.0,0.0,0.0,4.0,3.0,0.0,0.0,4.0,4.0,4.0,1.0,0.0,2.0,0.0,1.0,0.0,1.0,3.0,0.0,0.0
112,1PushesHand,7051,4,0.0,0.0,0.0,1.0,2.0,3.0,3.0,2.0,3.0,4.0,4.0,2.0,3.0,4.0,3.0,3.0,4.0,1.0,1.0,3.0,4.0,2.0,4.0,3.0,4.0
113,1PushesHand,7439,4,1.0,0.0,0.0,3.0,3.0,3.0,3.0,3.0,3.0,2.0,2.0,3.0,3.0,3.0,3.0,0.0,0.0,0.0,0.0,3.0,3.0,1.0,1.0,1.0,1.0
114,1PushesHand,7596,2,0.0,0.0,0.0,0.0,2.0,3.0,0.0,2.0,4.0,3.0,3.0,2.0,2.0,2.0,3.0,1.0,3.0,1.0,1.0,3.0,2.0,1.0,1.0,1.0,2.0
115,1PushesHand,7735,4,1.0,1.0,2.0,0.0,3.0,3.0,0.0,1.0,4.0,3.0,2.0,1.0,4.0,4.0,4.0,2.0,2.0,3.0,2.0,1.0,2.0,1.0,3.0,1.0,1.0
116,1PushesHand,7927,4,0.0,0.0,0.0,3.0,4.0,4.0,3.0,3.0,4.0,4.0,3.0,4.0,3.0,4.0,3.0,3.0,2.0,1.0,0.0,3.0,4.0,1.0,1.0,3.0,4.0
117,1PushesHand,8408,2,1.0,1.0,0.0,1.0,3.0,3.0,2.0,1.0,2.0,2.0,2.0,1.0,2.0,3.0,3.0,1.0,1.0,1.0,1.0,1.0,2.0,1.0,1.0,2.0,2.0
118,1PushesHand,8535,4,0.0,0.0,0.0,2.0,2.0,4.0,4.0,4.0,4.0,4.0,4.0,0.0,0.0,4.0,4.0,0.0,0.0,0.0,0.0,4.0,4.0,0.0,0.0,4.0,4.0
119,1PushesHand,9143,4,0.0,1.0,0.0,3.0,4.0,3.0,3.0,3.0,4.0,2.0,2.0,3.0,2.0,3.0,2.0,4.0,2.0,3.0,4.0,3.0,2.0,4.0,2.0,2.0,3.0
120,1PushesHand,9919,4,1.0,1.0,1.0,0.0,4.0,4.0,0.0,0.0,4.0,4.0,0.0,0.0,2.0,2.0,4.0,0.0,0.0,0.0,0.0,0.0,0.0,0.0,0.0,2.0,2.0
121,1PushesHand,9927,4,2.0,2.0,2.0,0.0,4.0,3.0,0.0,0.0,4.0,3.0,1.0,0.0,4.0,4.0,4.0,3.0,0.0,3.0,0.0,0.0,1.0,0.0,3.0,0.0,2.0
122,1PushesHand,9959,2,0.0,1.0,0.0,3.0,1.0,3.0,3.0,3.0,3.0,3.0,3.0,1.0,1.0,3.0,3.0,0.0,0.0,0.0,0.0,3.0,3.0,0.0,0.0,3.0,2.0
123,1StopsOtherPlay,63,4,0.0,1.0,0.0,2.0,3.0,0.0,3.0,0.0,3.0,2.0,1.0,2.0,3.0,2.0,3.0,3.0,2.0,3.0,4.0,2.0,3.0,2.0,3.0,1.0,3.0
124,1StopsOtherPlay,126,2,0.0,0.0,0.0,4.0,0.0,2.0,4.0,1.0,1.0,3.0,4.0,1.0,0.0,2.0,4.0,1.0,2.0,0.0,0.0,3.0,2.0,0.0,0.0,0.0,0.0
125,1StopsOtherPlay,268,2,2.0,2.0,2.0,4.0,0.0,0.0,2.0,3.0,1.0,1.0,2.0,3.0,1.0,4.0,2.0,0.0,2.0,2.0,2.0,2.0,2.0,1.0,2.0,2.0,2.0
126,1StopsOtherPlay,314,2,0.0,0.0,0.0,3.0,1.0,3.0,1.0,1.0,3.0,1.0,3.0,1.0,3.0,1.0,3.0,3.0,1.0,1.0,3.0,1.0,3.0,3.0,1.0,3.0,1.0
127,1StopsOtherPlay,375,4,2.0,1.0,2.0,1.0,4.0,3.0,0.0,2.0,4.0,3.0,0.0,1.0,4.0,1.0,4.0,3.0,0.0,2.0,3.0,2.0,1.0,2.0,4.0,2.0,0.0
128,1StopsOtherPlay,568,2,0.0,0.0,1.0,3.0,1.0,2.0,3.0,3.0,2.0,1.0,3.0,3.0,1.0,3.0,3.0,1.0,3.0,1.0,3.0,3.0,1.0,3.0,2.0,1.0,2.0
129,1StopsOtherPlay,587,4,2.0,1.0,2.0,1.0,3.0,1.0,1.0,1.0,3.0,1.0,1.0,2.0,3.0,1.0,3.0,1.0,1.0,1.0,1.0,2.0,1.0,1.0,3.0,1.0,1.0
130,1StopsOtherPlay,653,4,2.0,0.0,2.0,0.0,4.0,4.0,3.0,0.0,4.0,4.0,4.0,0.0,0.0,0.0,4.0,0.0,0.0,0.0,0.0,2.0,4.0,1.0,1.0,1.0,1.0
131,1StopsOtherPlay,669,4,2.0,2.0,2.0,1.0,0.0,3.0,0.0,0.0,3.0,3.0,1.0,0.0,4.0,3.0,4.0,4.0,1.0,3.0,0.0,1.0,0.0,3.0,1.0,2.0,1.0
132,1StopsOtherPlay,814,2,2.0,2.0,1.0,4.0,0.0,2.0,3.0,4.0,1.0,0.0,3.0,4.0,0.0,3.0,3.0,0.0,4.0,1.0,2.0,1.0,0.0,3.0,2.0,1.0,2.0
133,1StopsOtherPlay,889,2,0.0,0.0,0.0,3.0,1.0,3.0,3.0,2.0,1.0,3.0,3.0,2.0,1.0,4.0,4.0,1.0,1.0,0.0,0.0,3.0,3.0,1.0,1.0,3.0,2.0
134,1StopsOtherPlay,1384,4,1.0,1.0,2.0,1.0,3.0,2.0,1.0,2.0,3.0,2.0,1.0,2.0,3.0,1.0,3.0,1.0,1.0,1.0,1.0,1.0,1.0,1.0,3.0,1.0,1.0
135,1StopsOtherPlay,1506,2,1.0,1.0,0.0,3.0,3.0,3.0,3.0,3.0,3.0,3.0,3.0,3.0,3.0,3.0,3.0,3.0,3.0,3.0,3.0,3.0,3.0,1.0,1.0,1.0,1.0
136,1StopsOtherPlay,1659,2,1.0,0.0,0.0,1.0,3.0,2.0,1.0,1.0,3.0,3.0,1.0,2.0,2.0,2.0,3.0,1.0,1.0,0.0,0.0,2.0,3.0,3.0,1.0,1.0,3.0
137,1StopsOtherPlay,2590,2,2.0,0.0,2.0,3.0,3.0,1.0,1.0,0.0,0.0,1.0,1.0,3.0,3.0,2.0,3.0,0.0,0.0,1.0,1.0,1.0,1.0,3.0,3.0,1.0,1.0
138,1StopsOtherPlay,3115,4,2.0,2.0,0.0,3.0,3.0,1.0,1.0,1.0,4.0,3.0,1.0,3.0,3.0,3.0,4.0,1.0,3.0,1.0,2.0,3.0,1.0,1.0,3.0,3.0,0.0
139,1StopsOtherPlay,3127,4,0.0,0.0,0.0,3.0,3.0,2.0,3.0,3.0,2.0,4.0,3.0,2.0,3.0,3.0,1.0,3.0,4.0,3.0,3.0,2.0,3.0,1.0,4.0,2.0,3.0
140,1StopsOtherPlay,3335,2,0.0,0.0,0.0,1.0,4.0,2.0,3.0,3.0,2.0,2.0,2.0,2.0,3.0,2.0,3.0,1.0,3.0,3.0,1.0,1.0,4.0,1.0,3.0,2.0,2.0
141,1StopsOtherPlay,4302,2,2.0,2.0,0.0,4.0,1.0,0.0,3.0,4.0,1.0,0.0,1.0,4.0,1.0,3.0,4.0,0.0,3.0,1.0,4.0,1.0,1.0,4.0,1.0,0.0,1.0
142,1StopsOtherPlay,4843,4,2.0,2.0,1.0,1.0,3.0,1.0,1.0,2.0,3.0,1.0,1.0,2.0,3.0,2.0,3.0,1.0,1.0,1.0,1.0,2.0,2.0,1.0,2.0,1.0,1.0
143,1StopsOtherPlay,4867,4,1.0,1.0,2.0,2.0,2.0,1.0,2.0,3.0,2.0,3.0,2.0,3.0,3.0,1.0,3.0,1.0,1.0,1.0,1.0,2.0,2.0,1.0,1.0,3.0,2.0
144,1StopsOtherPlay,5351,4,2.0,2.0,2.0,1.0,3.0,1.0,1.0,0.0,4.0,1.0,0.0,2.0,3.0,2.0,4.0,0.0,0.0,0.0,0.0,0.0,0.0,0.0,1.0,0.0,0.0
145,1StopsOtherPlay,7051,4,0.0,2.0,1.0,0.0,4.0,1.0,4.0,2.0,3.0,3.0,0.0,2.0,4.0,3.0,2.0,4.0,1.0,4.0,0.0,3.0,2.0,1.0,4.0,2.0,3.0
146,1StopsOtherPlay,7599,2,0.0,0.0,0.0,2.0,2.0,2.0,3.0,1.0,1.0,3.0,3.0,1.0,1.0,2.0,3.0,1.0,1.0,1.0,1.0,3.0,1.0,1.0,3.0,1.0,1.0
147,1StopsOtherPlay,7710,2,0.0,0.0,0.0,3.0,1.0,3.0,3.0,3.0,3.0,3.0,3.0,1.0,1.0,3.0,3.0,1.0,1.0,1.0,1.0,3.0,3.0,1.0,1.0,1.0,1.0
148,1StopsOtherPlay,7774,2,1.0,1.0,0.0,2.0,1.0,4.0,2.0,4.0,1.0,4.0,2.0,0.0,2.0,3.0,1.0,4.0,3.0,0.0,2.0,1.0,2.0,4.0,3.0,4.0,3.0
149,1StopsOtherPlay,7927,4,0.0,0.0,0.0,3.0,4.0,3.0,4.0,3.0,4.0,3.0,4.0,3.0,4.0,3.0,4.0,4.0,1.0,3.0,4.0,3.0,1.0,3.0,1.0,3.0,3.0
150,1StopsOtherPlay,8911,4,0.0,2.0,0.0,0.0,4.0,2.0,3.0,1.0,4.0,1.0,3.0,0.0,2.0,3.0,4.0,0.0,0.0,0.0,1.0,2.0,4.0,1.0,1.0,1.0,3.0
151,1StopsOtherPlay,9959,2,0.0,1.0,0.0,0.0,0.0,4.0,4.0,0.0,0.0,3.0,3.0,0.0,0.0,4.0,4.0,0.0,0.0,0.0,0.0,4.0,4.0,0.0,0.0,4.0,4.0
152,1Task1Watch,87,4,0.0,0.0,0.0,4.0,1.0,3.0,3.0,0.0,0.0,3.0,3.0,0.0,0.0,4.0,1.0,0.0,3.0,0.0,0.0,4.0,2.0,0.0,0.0,2.0,3.0
153,1Task1Watch,118,2,0.0,1.0,1.0,4.0,0.0,4.0,2.0,0.0,0.0,3.0,2.0,0.0,0.0,4.0,2.0,0.0,3.0,0.0,1.0,2.0,1.0,0.0,0.0,0.0,0.0
154,1Task1Watch,132,2,2.0,2.0,2.0,4.0,3.0,1.0,4.0,3.0,4.0,1.0,4.0,4.0,3.0,3.0,4.0,1.0,4.0,0.0,3.0,3.0,1.0,1.0,3.0,4.0,3.0
155,1Task1Watch,289,4,0.0,1.0,2.0,1.0,3.0,3.0,2.0,1.0,1.0,3.0,3.0,1.0,1.0,3.0,3.0,0.0,0.0,1.0,1.0,3.0,3.0,1.0,1.0,3.0,3.0
156,1Task1Watch,390,2,2.0,2.0,2.0,3.0,1.0,2.0,0.0,2.0,2.0,2.0,0.0,1.0,3.0,4.0,0.0,0.0,2.0,0.0,4.0,3.0,0.0,0.0,4.0,2.0,0.0
157,1Task1Watch,444,2,0.0,0.0,0.0,0.0,0.0,3.0,3.0,1.0,1.0,3.0,3.0,1.0,1.0,3.0,3.0,0.0,0.0,1.0,1.0,3.0,3.0,1.0,1.0,2.0,2.0
158,1Task1Watch,539,4,0.0,0.0,0.0,2.0,4.0,3.0,4.0,3.0,4.0,3.0,4.0,1.0,0.0,3.0,4.0,1.0,0.0,1.0,1.0,3.0,3.0,1.0,0.0,0.0,0.0
159,1Task1Watch,588,2,0.0,0.0,0.0,3.0,1.0,3.0,2.0,4.0,1.0,2.0,3.0,3.0,1.0,4.0,2.0,1.0,3.0,1.0,3.0,4.0,1.0,3.0,2.0,4.0,2.0
160,1Task1Watch,647,4,0.0,1.0,0.0,2.0,3.0,2.0,0.0,4.0,4.0,3.0,2.0,2.0,3.0,2.0,4.0,4.0,2.0,2.0,3.0,3.0,4.0,4.0,2.0,2.0,3.0
161,1Task1Watch,669,4,0.0,0.0,0.0,0.0,0.0,4.0,4.0,2.0,1.0,4.0,3.0,0.0,0.0,3.0,3.0,1.0,0.0,1.0,0.0,4.0,4.0,0.0,1.0,3.0,3.0
162,1Task1Watch,814,2,0.0,0.0,0.0,1.0,0.0,4.0,4.0,1.0,0.0,4.0,4.0,1.0,0.0,4.0,3.0,1.0,1.0,0.0,1.0,3.0,4.0,0.0,0.0,3.0,4.0
163,1Task1Watch,1383,4,0.0,0.0,0.0,3.0,1.0,3.0,4.0,4.0,3.0,4.0,3.0,3.0,4.0,3.0,3.0,3.0,4.0,3.0,3.0,3.0,3.0,2.0,1.0,2.0,3.0
164,1Task1Watch,1508,2,1.0,0.0,2.0,2.0,3.0,1.0,3.0,3.0,2.0,4.0,3.0,2.0,0.0,0.0,4.0,0.0,0.0,1.0,3.0,4.0,0.0,2.0,1.0,0.0,0.0
165,1Task1Watch,2023,4,0.0,2.0,0.0,3.0,1.0,1.0,3.0,3.0,1.0,2.0,3.0,4.0,1.0,4.0,3.0,0.0,3.0,0.0,1.0,4.0,2.0,1.0,1.0,3.0,1.0
166,1Task1Watch,2251,4,0.0,0.0,2.0,1.0,1.0,3.0,2.0,0.0,0.0,3.0,3.0,0.0,0.0,4.0,1.0,0.0,0.0,0.0,0.0,4.0,4.0,0.0,0.0,3.0,4.0
167,1Task1Watch,2755,4,0.0,0.0,0.0,1.0,4.0,4.0,2.0,2.0,3.0,4.0,4.0,3.0,3.0,3.0,3.0,0.0,0.0,0.0,0.0,3.0,4.0,0.0,0.0,4.0,4.0
168,1Task1Watch,3048,2,2.0,2.0,2.0,3.0,1.0,1.0,1.0,1.0,1.0,3.0,1.0,1.0,1.0,3.0,0.0,1.0,1.0,1.0,1.0,1.0,3.0,1.0,1.0,3.0,1.0
169,1Task1Watch,3335,2,0.0,2.0,1.0,0.0,4.0,4.0,0.0,1.0,3.0,3.0,0.0,0.0,4.0,4.0,0.0,3.0,0.0,4.0,2.0,3.0,1.0,0.0,4.0,2.0,2.0
170,1Task1Watch,3479,4,0.0,0.0,0.0,0.0,0.0,3.0,2.0,3.0,2.0,3.0,4.0,3.0,2.0,3.0,4.0,0.0,0.0,0.0,0.0,0.0,0.0,1.0,0.0,0.0,0.0
171,1Task1Watch,5351,4,0.0,1.0,1.0,4.0,0.0,3.0,3.0,1.0,0.0,3.0,3.0,1.0,0.0,4.0,1.0,0.0,0.0,0.0,0.0,3.0,3.0,0.0,0.0,3.0,2.0
172,1Task1Watch,6111,4,1.0,1.0,2.0,1.0,1.0,1.0,1.0,1.0,1.0,2.0,2.0,0.0,0.0,4.0,0.0,0.0,0.0,0.0,0.0,3.0,2.0,0.0,0.0,3.0,2.0
173,1Task1Watch,6307,2,0.0,1.0,2.0,4.0,0.0,0.0,0.0,0.0,0.0,2.0,2.0,0.0,0.0,4.0,0.0,0.0,0.0,0.0,0.0,4.0,3.0,0.0,0.0,4.0,3.0
174,1Task1Watch,7440,2,1.0,2.0,2.0,3.0,1.0,3.0,2.0,3.0,1.0,3.0,2.0,1.0,2.0,4.0,1.0,1.0,2.0,1.0,3.0,3.0,2.0,1.0,1.0,3.0,2.0
175,1Task1Watch,7548,2,1.0,2.0,2.0,2.0,3.0,1.0,1.0,2.0,2.0,0.0,0.0,3.0,3.0,2.0,2.0,1.0,1.0,0.0,0.0,1.0,2.0,3.0,3.0,2.0,2.0
176,1Task1Watch,8084,2,1.0,1.0,0.0,3.0,1.0,3.0,2.0,4.0,3.0,3.0,4.0,4.0,3.0,4.0,2.0,1.0,4.0,1.0,2.0,3.0,4.0,1.0,4.0,4.0,2.0
177,1Task1Watch,8659,2,0.0,0.0,1.0,3.0,1.0,3.0,3.0,1.0,1.0,3.0,3.0,1.0,1.0,3.0,2.0,1.0,1.0,1.0,1.0,2.0,2.0,1.0,1.0,3.0,2.0
178,1Task1Watch,9115,4,0.0,1.0,0.0,0.0,4.0,4.0,4.0,0.0,2.0,4.0,4.0,0.0,0.0,4.0,1.0,0.0,0.0,0.0,0.0,4.0,4.0,0.0,0.0,4.0,4.0
179,1Task1Watch,9664,2,0.0,1.0,1.0,2.0,1.0,1.0,2.0,3.0,2.0,2.0,3.0,2.0,1.0,3.0,2.0,3.0,2.0,3.0,2.0,2.0,1.0,1.0,1.0,1.0,1.0
180,1Task1Watch,9959,2,0.0,1.0,1.0,3.0,0.0,3.0,2.0,2.0,2.0,3.0,2.0,3.0,1.0,3.0,1.0,0.0,3.0,0.0,2.0,3.0,2.0,0.0,0.0,3.0,1.0
181,bothDistressedTable,132,2,2.0,2.0,2.0,1.0,4.0,3.0,0.0,1.0,4.0,3.0,0.0,1.0,4.0,3.0,1.0,4.0,1.0,3.0,0.0,2.0,3.0,1.0,4.0,1.0,3.0
182,bothDistressedTable,136,2,0.0,0.0,0.0,1.0,1.0,3.0,3.0,2.0,2.0,3.0,3.0,1.0,3.0,3.0,3.0,1.0,1.0,1.0,1.0,3.0,3.0,1.0,2.0,3.0,3.0
183,bothDistressedTable,390,2,1.0,1.0,2.0,0.0,2.0,0.0,0.0,0.0,0.0,1.0,1.0,0.0,0.0,3.0,4.0,3.0,0.0,3.0,0.0,1.0,4.0,0.0,0.0,1.0,2.0
184,bothDistressedTable,391,4,0.0,0.0,0.0,1.0,3.0,3.0,3.0,1.0,2.0,3.0,3.0,0.0,1.0,2.0,3.0,2.0,0.0,0.0,0.0,3.0,3.0,0.0,0.0,2.0,2.0
185,bothDistressedTable,444,2,0.0,0.0,0.0,1.0,3.0,3.0,3.0,1.0,1.0,3.0,3.0,1.0,1.0,3.0,3.0,0.0,0.0,0.0,0.0,3.0,3.0,0.0,0.0,3.0,3.0
186,bothDistressedTable,568,2,0.0,0.0,0.0,2.0,1.0,1.0,2.0,3.0,0.0,3.0,3.0,3.0,2.0,3.0,3.0,3.0,3.0,3.0,1.0,3.0,3.0,3.0,3.0,3.0,3.0
187,bothDistressedTable,588,2,0.0,1.0,0.0,1.0,3.0,3.0,1.0,3.0,3.0,3.0,2.0,1.0,3.0,3.0,4.0,4.0,1.0,3.0,1.0,1.0,3.0,1.0,3.0,1.0,3.0
188,bothDistressedTable,814,2,2.0,1.0,0.0,1.0,4.0,4.0,1.0,1.0,4.0,4.0,2.0,0.0,4.0,3.0,2.0,1.0,2.0,1.0,1.0,0.0,0.0,2.0,1.0,1.0,2.0
189,bothDistressedTable,886,2,0.0,1.0,0.0,1.0,3.0,3.0,3.0,1.0,1.0,3.0,3.0,1.0,1.0,3.0,4.0,0.0,0.0,0.0,0.0,3.0,4.0,0.0,0.0,3.0,3.0
190,bothDistressedTable,945,4,0.0,0.0,0.0,0.0,4.0,4.0,4.0,4.0,4.0,4.0,4.0,0.0,1.0,3.0,4.0,0.0,0.0,0.0,0.0,4.0,4.0,0.0,0.0,2.0,3.0
191,bothDistressedTable,1383,4,0.0,1.0,0.0,3.0,1.0,3.0,1.0,3.0,3.0,4.0,1.0,3.0,2.0,4.0,3.0,3.0,1.0,3.0,2.0,3.0,2.0,3.0,3.0,4.0,3.0
192,bothDistressedTable,1508,2,1.0,0.0,1.0,3.0,3.0,3.0,3.0,4.0,2.0,2.0,3.0,2.0,0.0,0.0,2.0,2.0,1.0,2.0,0.0,0.0,2.0,0.0,1.0,1.0,1.0
193,bothDistressedTable,1659,2,0.0,0.0,0.0,2.0,1.0,3.0,3.0,1.0,1.0,3.0,3.0,1.0,1.0,3.0,3.0,1.0,0.0,2.0,1.0,2.0,2.0,1.0,1.0,3.0,3.0
194,bothDistressedTable,2223,2,0.0,0.0,0.0,0.0,4.0,3.0,3.0,3.0,3.0,3.0,3.0,1.0,3.0,3.0,3.0,3.0,1.0,3.0,3.0,1.0,1.0,1.0,3.0,1.0,1.0
195,bothDistressedTable,2291,4,0.0,2.0,0.0,0.0,4.0,1.0,4.0,3.0,1.0,1.0,3.0,4.0,0.0,0.0,4.0,0.0,0.0,0.0,0.0,0.0,4.0,2.0,3.0,3.0,1.0
196,bothDistressedTable,2975,2,1.0,1.0,0.0,1.0,4.0,3.0,2.0,1.0,3.0,3.0,2.0,1.0,3.0,4.0,4.0,2.0,0.0,2.0,2.0,3.0,3.0,0.0,2.0,3.0,3.0
197,bothDistressedTable,3260,2,0.0,0.0,0.0,1.0,1.0,3.0,3.0,1.0,1.0,3.0,3.0,1.0,1.0,3.0,3.0,1.0,1.0,1.0,1.0,3.0,3.0,1.0,1.0,1.0,1.0
198,bothDistressedTable,4166,2,1.0,0.0,0.0,1.0,1.0,3.0,3.0,1.0,1.0,3.0,3.0,1.0,1.0,4.0,4.0,1.0,1.0,1.0,1.0,3.0,4.0,1.0,1.0,2.0,2.0
199,bothDistressedTable,4867,4,0.0,1.0,2.0,1.0,3.0,2.0,2.0,2.0,2.0,3.0,1.0,2.0,2.0,1.0,3.0,1.0,1.0,1.0,1.0,3.0,3.0,1.0,1.0,3.0,2.0
200,bothDistressedTable,5171,2,2.0,2.0,1.0,1.0,3.0,1.0,1.0,2.0,3.0,1.0,1.0,1.0,3.0,1.0,3.0,3.0,1.0,3.0,1.0,1.0,1.0,1.0,3.0,2.0,2.0
201,bothDistressedTable,5198,2,0.0,0.0,0.0,3.0,1.0,1.0,1.0,1.0,1.0,1.0,1.0,4.0,3.0,2.0,2.0,3.0,3.0,3.0,3.0,2.0,0.0,4.0,4.0,2.0,2.0
202,bothDistressedTable,5867,4,0.0,0.0,2.0,1.0,3.0,2.0,1.0,1.0,3.0,3.0,2.0,1.0,1.0,0.0,4.0,1.0,1.0,1.0,1.0,3.0,2.0,1.0,1.0,1.0,1.0
203,bothDistressedTable,7440,2,0.0,0.0,1.0,3.0,3.0,3.0,3.0,4.0,4.0,3.0,3.0,1.0,1.0,3.0,3.0,1.0,1.0,1.0,1.0,3.0,3.0,1.0,1.0,2.0,2.0
204,bothDistressedTable,7599,2,1.0,1.0,0.0,1.0,3.0,3.0,2.0,1.0,3.0,3.0,1.0,1.0,3.0,2.0,3.0,3.0,1.0,3.0,1.0,1.0,1.0,1.0,3.0,1.0,1.0
205,bothDistressedTable,7875,2,0.0,0.0,0.0,1.0,1.0,3.0,3.0,1.0,1.0,3.0,3.0,1.0,1.0,3.0,3.0,1.0,1.0,1.0,1.0,3.0,4.0,1.0,0.0,3.0,4.0
206,bothDistressedTable,7876,2,2.0,1.0,0.0,0.0,3.0,3.0,2.0,1.0,3.0,2.0,1.0,0.0,3.0,3.0,3.0,2.0,1.0,3.0,1.0,1.0,2.0,1.0,3.0,1.0,1.0
207,bothDistressedTable,8066,2,2.0,2.0,2.0,0.0,3.0,4.0,0.0,0.0,4.0,4.0,0.0,0.0,4.0,2.0,4.0,4.0,0.0,3.0,0.0,0.0,3.0,3.0,4.0,1.0,1.0
208,bothDistressedTable,8659,2,1.0,1.0,1.0,1.0,3.0,2.0,2.0,3.0,3.0,2.0,2.0,1.0,1.0,3.0,3.0,1.0,1.0,1.0,1.0,2.0,2.0,3.0,3.0,2.0,2.0
209,bothDistressedTable,8820,2,0.0,0.0,0.0,1.0,3.0,3.0,1.0,1.0,3.0,1.0,3.0,3.0,1.0,3.0,3.0,1.0,1.0,1.0,1.0,4.0,4.0,0.0,0.0,0.0,0.0
210,bothDistressedTable,8911,4,0.0,1.0,0.0,1.0,4.0,3.0,4.0,3.0,4.0,3.0,3.0,1.0,3.0,3.0,4.0,0.0,0.0,0.0,0.0,2.0,4.0,0.0,0.0,3.0,4.0
211,discussAndTogether,29,4,0.0,0.0,0.0,4.0,3.0,4.0,4.0,4.0,2.0,4.0,4.0,0.0,0.0,4.0,4.0,3.0,4.0,0.0,0.0,4.0,3.0,1.0,0.0,4.0,3.0
212,discussAndTogether,38,2,2.0,2.0,2.0,1.0,1.0,1.0,1.0,1.0,2.0,0.0,2.0,3.0,2.0,1.0,4.0,1.0,2.0,1.0,2.0,1.0,2.0,1.0,4.0,1.0,4.0
213,discussAndTogether,194,2,2.0,2.0,2.0,3.0,2.0,2.0,2.0,3.0,2.0,1.0,1.0,3.0,3.0,2.0,2.0,1.0,3.0,1.0,1.0,1.0,1.0,3.0,3.0,1.0,1.0
214,discussAndTogether,268,2,0.0,0.0,0.0,2.0,2.0,3.0,3.0,2.0,2.0,3.0,3.0,1.0,1.0,3.0,3.0,1.0,1.0,1.0,1.0,3.0,3.0,1.0,1.0,3.0,3.0
215,discussAndTogether,367,4,1.0,1.0,1.0,1.0,3.0,3.0,2.0,2.0,3.0,1.0,4.0,3.0,1.0,2.0,3.0,2.0,1.0,1.0,2.0,3.0,1.0,2.0,4.0,0.0,0.0
216,discussAndTogether,390,2,1.0,1.0,1.0,3.0,1.0,1.0,3.0,3.0,1.0,1.0,2.0,3.0,1.0,2.0,2.0,1.0,3.0,1.0,3.0,2.0,1.0,3.0,1.0,2.0,2.0
217,discussAndTogether,793,4,0.0,0.0,0.0,1.0,3.0,4.0,4.0,1.0,1.0,4.0,4.0,0.0,0.0,3.0,3.0,0.0,0.0,0.0,0.0,3.0,3.0,0.0,0.0,3.0,3.0
218,discussAndTogether,889,2,0.0,1.0,1.0,2.0,2.0,3.0,3.0,0.0,0.0,3.0,3.0,1.0,1.0,4.0,4.0,2.0,2.0,1.0,1.0,3.0,3.0,1.0,1.0,2.0,2.0
219,discussAndTogether,1383,4,0.0,1.0,0.0,1.0,1.0,3.0,4.0,3.0,3.0,4.0,3.0,3.0,4.0,4.0,4.0,3.0,3.0,4.0,3.0,3.0,4.0,1.0,1.0,3.0,3.0
220,discussAndTogether,1395,4,0.0,0.0,0.0,1.0,3.0,3.0,3.0,1.0,3.0,3.0,3.0,1.0,1.0,3.0,4.0,1.0,0.0,1.0,1.0,3.0,4.0,1.0,1.0,1.0,2.0
221,discussAndTogether,2023,4,0.0,0.0,0.0,1.0,1.0,3.0,3.0,3.0,3.0,3.0,3.0,1.0,1.0,3.0,3.0,0.0,0.0,0.0,0.0,3.0,3.0,0.0,0.0,2.0,2.0
222,discussAndTogether,2099,2,1.0,1.0,0.0,1.0,3.0,3.0,3.0,1.0,1.0,3.0,3.0,1.0,1.0,3.0,3.0,1.0,1.0,1.0,1.0,3.0,3.0,1.0,1.0,0.0,0.0
223,discussAndTogether,2755,4,0.0,1.0,1.0,0.0,3.0,3.0,3.0,1.0,3.0,3.0,3.0,1.0,3.0,3.0,3.0,1.0,1.0,1.0,1.0,2.0,2.0,0.0,0.0,3.0,2.0
224,discussAndTogether,2975,2,0.0,0.0,0.0,3.0,1.0,4.0,3.0,0.0,0.0,3.0,3.0,0.0,1.0,4.0,2.0,1.0,1.0,2.0,2.0,3.0,4.0,0.0,1.0,2.0,2.0
225,discussAndTogether,3259,4,0.0,0.0,0.0,1.0,3.0,3.0,3.0,1.0,3.0,3.0,3.0,1.0,1.0,3.0,3.0,1.0,1.0,1.0,1.0,3.0,3.0,1.0,1.0,3.0,3.0
226,discussAndTogether,3260,2,0.0,0.0,0.0,1.0,1.0,3.0,3.0,1.0,1.0,3.0,3.0,1.0,1.0,3.0,3.0,1.0,1.0,1.0,1.0,3.0,3.0,1.0,1.0,1.0,1.0
227,discussAndTogether,4166,2,1.0,0.0,0.0,1.0,1.0,3.0,4.0,2.0,2.0,3.0,3.0,2.0,2.0,4.0,4.0,2.0,2.0,1.0,1.0,3.0,3.0,1.0,1.0,3.0,3.0
228,discussAndTogether,4225,2,0.0,1.0,0.0,3.0,1.0,3.0,3.0,1.0,1.0,3.0,3.0,1.0,1.0,3.0,3.0,1.0,1.0,1.0,1.0,3.0,3.0,1.0,1.0,2.0,2.0
229,discussAndTogether,4302,2,2.0,2.0,2.0,0.0,0.0,0.0,0.0,4.0,4.0,0.0,0.0,4.0,4.0,1.0,1.0,1.0,1.0,2.0,2.0,1.0,1.0,4.0,4.0,0.0,0.0
230,discussAndTogether,4843,4,0.0,1.0,1.0,1.0,3.0,3.0,1.0,1.0,3.0,3.0,2.0,1.0,3.0,3.0,4.0,2.0,0.0,1.0,1.0,1.0,3.0,1.0,1.0,1.0,2.0
231,discussAndTogether,4855,4,0.0,0.0,0.0,1.0,3.0,3.0,3.0,2.0,2.0,3.0,3.0,0.0,0.0,3.0,3.0,0.0,0.0,0.0,0.0,3.0,3.0,0.0,0.0,3.0,3.0
232,discussAndTogether,5171,2,0.0,0.0,0.0,2.0,2.0,3.0,3.0,1.0,1.0,3.0,3.0,0.0,0.0,3.0,3.0,0.0,0.0,0.0,0.0,3.0,3.0,0.0,0.0,3.0,3.0
233,discussAndTogether,5351,4,0.0,1.0,0.0,1.0,3.0,4.0,1.0,1.0,3.0,4.0,2.0,0.0,3.0,4.0,4.0,0.0,0.0,0.0,0.0,4.0,2.0,0.0,0.0,4.0,1.0
234,discussAndTogether,6307,2,0.0,0.0,0.0,4.0,0.0,4.0,4.0,0.0,0.0,4.0,4.0,0.0,0.0,4.0,4.0,0.0,0.0,0.0,0.0,4.0,4.0,0.0,0.0,4.0,4.0
235,discussAndTogether,7439,4,1.0,0.0,0.0,2.0,2.0,3.0,3.0,2.0,2.0,3.0,3.0,1.0,1.0,0.0,3.0,1.0,1.0,1.0,1.0,3.0,3.0,1.0,1.0,2.0,2.0
236,discussAndTogether,7715,2,0.0,0.0,2.0,1.0,3.0,3.0,3.0,3.0,3.0,3.0,3.0,1.0,3.0,3.0,3.0,3.0,1.0,3.0,3.0,3.0,3.0,3.0,3.0,2.0,2.0
237,discussAndTogether,7774,2,1.0,1.0,0.0,0.0,1.0,2.0,1.0,4.0,2.0,4.0,1.0,4.0,2.0,4.0,2.0,2.0,3.0,4.0,2.0,4.0,2.0,4.0,2.0,4.0,3.0
238,discussAndTogether,9371,4,0.0,0.0,0.0,2.0,3.0,3.0,3.0,3.0,4.0,3.0,1.0,2.0,3.0,3.0,2.0,3.0,3.0,1.0,3.0,3.0,2.0,1.0,3.0,3.0,2.0
239,discussAndTogether,9664,2,0.0,0.0,0.0,2.0,2.0,3.0,3.0,2.0,2.0,2.0,2.0,0.0,0.0,3.0,3.0,1.0,1.0,1.0,1.0,1.0,1.0,0.0,0.0,1.0,1.0
240,discussAndTogether,9959,2,0.0,0.0,0.0,3.0,2.0,2.0,2.0,1.0,1.0,3.0,2.0,0.0,0.0,3.0,4.0,3.0,2.0,0.0,0.0,3.0,3.0,0.0,0.0,4.0,4.0
241,excitedChild,1,4,0.0,0.0,2.0,3.0,2.0,2.0,3.0,3.0,2.0,2.0,3.0,2.0,3.0,3.0,0.0,2.0,3.0,1.0,2.0,2.0,1.0,2.0,3.0,2.0,3.0
242,excitedChild,7,4,0.0,2.0,2.0,3.0,1.0,0.0,0.0,3.0,0.0,0.0,2.0,4.0,0.0,4.0,3.0,2.0,0.0,1.0,0.0,0.0,3.0,0.0,0.0,0.0,3.0
243,excitedChild,81,4,2.0,2.0,2.0,4.0,0.0,0.0,2.0,4.0,0.0,0.0,2.0,3.0,0.0,4.0,0.0,0.0,0.0,0.0,3.0,2.0,4.0,0.0,2.0,2.0,0.0
244,excitedChild,87,4,1.0,2.0,2.0,4.0,1.0,0.0,1.0,4.0,1.0,0.0,2.0,4.0,1.0,1.0,1.0,0.0,0.0,0.0,2.0,0.0,2.0,3.0,0.0,3.0,1.0
245,excitedChild,98,2,2.0,2.0,0.0,3.0,1.0,1.0,2.0,3.0,2.0,1.0,2.0,3.0,2.0,3.0,2.0,1.0,3.0,2.0,2.0,1.0,2.0,3.0,3.0,1.0,1.0
246,excitedChild,194,2,0.0,0.0,0.0,4.0,1.0,3.0,3.0,4.0,3.0,4.0,3.0,4.0,2.0,4.0,3.0,2.0,2.0,1.0,1.0,3.0,3.0,1.0,1.0,3.0,3.0
247,excitedChild,235,4,2.0,1.0,2.0,3.0,1.0,0.0,2.0,4.0,1.0,1.0,2.0,4.0,1.0,3.0,2.0,1.0,2.0,1.0,2.0,1.0,1.0,1.0,2.0,3.0,1.0
248,excitedChild,255,4,0.0,2.0,2.0,3.0,1.0,1.0,3.0,3.0,1.0,2.0,3.0,3.0,1.0,3.0,3.0,1.0,1.0,1.0,1.0,3.0,3.0,1.0,1.0,3.0,3.0
249,excitedChild,417,4,1.0,1.0,1.0,3.0,1.0,2.0,3.0,2.0,2.0,2.0,3.0,4.0,2.0,2.0,3.0,1.0,1.0,2.0,2.0,2.0,2.0,3.0,2.0,3.0,3.0
250,excitedChild,444,2,1.0,0.0,0.0,3.0,1.0,1.0,3.0,4.0,1.0,3.0,3.0,4.0,0.0,3.0,3.0,1.0,0.0,0.0,0.0,3.0,3.0,3.0,0.0,3.0,3.0
251,excitedChild,581,4,0.0,2.0,1.0,4.0,2.0,3.0,2.0,3.0,4.0,0.0,1.0,2.0,1.0,2.0,3.0,3.0,2.0,4.0,3.0,3.0,2.0,2.0,4.0,1.0,2.0
252,excitedChild,591,4,2.0,2.0,2.0,1.0,1.0,0.0,2.0,1.0,2.0,0.0,3.0,3.0,1.0,0.0,3.0,1.0,2.0,1.0,2.0,1.0,1.0,2.0,1.0,3.0,2.0
253,excitedChild,870,2,2.0,1.0,2.0,3.0,1.0,1.0,2.0,3.0,1.0,1.0,2.0,3.0,1.0,0.0,2.0,1.0,3.0,2.0,2.0,1.0,1.0,3.0,1.0,1.0,1.0
254,excitedChild,886,2,0.0,1.0,1.0,1.0,3.0,3.0,3.0,1.0,3.0,3.0,2.0,1.0,1.0,1.0,4.0,1.0,0.0,1.0,1.0,2.0,3.0,1.0,1.0,2.0,3.0
255,excitedChild,1031,4,0.0,1.0,2.0,2.0,2.0,1.0,1.0,1.0,3.0,1.0,3.0,4.0,0.0,0.0,4.0,1.0,1.0,1.0,1.0,2.0,2.0,3.0,0.0,4.0,2.0
256,excitedChild,2223,2,0.0,0.0,0.0,3.0,1.0,3.0,3.0,3.0,2.0,3.0,3.0,4.0,2.0,3.0,2.0,0.0,0.0,0.0,0.0,4.0,4.0,0.0,0.0,3.0,3.0
257,excitedChild,2942,2,0.0,0.0,0.0,3.0,2.0,2.0,2.0,3.0,3.0,4.0,4.0,3.0,3.0,4.0,4.0,0.0,0.0,0.0,0.0,2.0,2.0,0.0,0.0,2.0,4.0
258,excitedChild,3115,4,0.0,1.0,2.0,2.0,1.0,1.0,3.0,1.0,0.0,3.0,3.0,4.0,1.0,3.0,3.0,0.0,0.0,0.0,0.0,3.0,3.0,1.0,0.0,4.0,2.0
259,excitedChild,4225,2,1.0,2.0,2.0,3.0,1.0,1.0,2.0,3.0,1.0,1.0,2.0,3.0,1.0,3.0,3.0,1.0,3.0,1.0,1.0,1.0,1.0,3.0,2.0,1.0,1.0
260,excitedChild,5026,2,0.0,0.0,0.0,1.0,4.0,0.0,4.0,1.0,3.0,3.0,3.0,4.0,1.0,4.0,4.0,1.0,3.0,1.0,3.0,1.0,4.0,1.0,4.0,3.0,1.0
261,excitedChild,5623,2,1.0,1.0,2.0,3.0,1.0,1.0,1.0,3.0,1.0,2.0,1.0,3.0,1.0,4.0,1.0,1.0,1.0,1.0,1.0,2.0,1.0,1.0,1.0,3.0,1.0
262,excitedChild,5812,2,1.0,0.0,1.0,3.0,1.0,2.0,3.0,3.0,1.0,2.0,3.0,3.0,1.0,2.0,3.0,1.0,2.0,1.0,2.0,2.0,3.0,2.0,1.0,2.0,2.0
263,excitedChild,7051,4,0.0,0.0,1.0,4.0,1.0,2.0,3.0,4.0,0.0,3.0,2.0,2.0,4.0,3.0,4.0,2.0,4.0,4.0,3.0,2.0,4.0,3.0,1.0,4.0,0.0
264,excitedChild,7439,4,2.0,0.0,0.0,3.0,2.0,1.0,3.0,2.0,2.0,2.0,3.0,3.0,1.0,3.0,3.0,1.0,1.0,1.0,1.0,3.0,3.0,3.0,1.0,3.0,2.0
265,excitedChild,7440,2,0.0,0.0,0.0,3.0,2.0,3.0,3.0,2.0,1.0,3.0,3.0,2.0,1.0,3.0,3.0,1.0,1.0,1.0,1.0,2.0,2.0,1.0,1.0,3.0,2.0
266,excitedChild,7599,2,0.0,0.0,0.0,2.0,2.0,3.0,3.0,2.0,2.0,3.0,3.0,1.0,1.0,3.0,3.0,1.0,1.0,1.0,1.0,3.0,3.0,1.0,1.0,3.0,3.0
267,excitedChild,7774,2,0.0,0.0,0.0,2.0,3.0,3.0,2.0,4.0,2.0,4.0,2.0,4.0,3.0,2.0,3.0,4.0,3.0,4.0,2.0,4.0,0.0,4.0,2.0,3.0,3.0
268,excitedChild,7927,4,0.0,0.0,0.0,3.0,1.0,4.0,3.0,4.0,3.0,3.0,4.0,4.0,3.0,3.0,4.0,2.0,3.0,2.0,1.0,3.0,4.0,1.0,1.0,3.0,4.0
269,excitedChild,8084,2,0.0,0.0,0.0,1.0,4.0,0.0,0.0,3.0,2.0,2.0,3.0,2.0,4.0,2.0,4.0,2.0,4.0,1.0,4.0,3.0,4.0,2.0,4.0,4.0,4.0
270,excitedChild,8911,4,0.0,0.0,0.0,3.0,1.0,3.0,3.0,3.0,3.0,3.0,3.0,4.0,1.0,3.0,2.0,0.0,0.0,1.0,1.0,4.0,3.0,0.0,0.0,4.0,4.0
271,excitedChild,9927,4,2.0,2.0,2.0,4.0,0.0,0.0,2.0,4.0,1.0,0.0,2.0,4.0,0.0,0.0,3.0,0.0,4.0,0.0,3.0,4.0,0.0,3.0,1.0,4.0,0.0
272,independent,38,2,0.0,0.0,1.0,3.0,1.0,2.0,2.0,3.0,3.0,3.0,3.0,1.0,3.0,3.0,3.0,0.0,0.0,0.0,0.0,3.0,3.0,1.0,1.0,4.0,4.0
273,independent,55,4,0.0,0.0,0.0,4.0,4.0,4.0,4.0,4.0,4.0,4.0,4.0,4.0,4.0,4.0,4.0,3.0,2.0,2.0,1.0,2.0,1.0,1.0,1.0,1.0,1.0
274,independent,98,2,2.0,0.0,0.0,1.0,3.0,3.0,1.0,1.0,3.0,2.0,1.0,1.0,3.0,1.0,3.0,3.0,1.0,3.0,1.0,1.0,1.0,3.0,3.0,1.0,1.0
275,independent,136,2,0.0,0.0,0.0,2.0,2.0,3.0,3.0,2.0,2.0,3.0,3.0,1.0,1.0,3.0,3.0,1.0,1.0,1.0,1.0,3.0,3.0,1.0,1.0,3.0,3.0
276,independent,235,4,1.0,1.0,1.0,2.0,3.0,2.0,2.0,2.0,3.0,2.0,3.0,3.0,3.0,4.0,4.0,1.0,1.0,1.0,1.0,1.0,3.0,3.0,1.0,2.0,3.0
277,independent,255,4,0.0,2.0,0.0,1.0,1.0,3.0,3.0,1.0,1.0,3.0,3.0,1.0,1.0,3.0,3.0,1.0,1.0,1.0,1.0,3.0,3.0,1.0,1.0,3.0,3.0
278,independent,417,4,1.0,1.0,1.0,2.0,1.0,2.0,2.0,2.0,3.0,3.0,2.0,2.0,4.0,3.0,3.0,2.0,1.0,2.0,2.0,2.0,3.0,3.0,1.0,2.0,3.0
279,independent,591,4,2.0,1.0,2.0,2.0,2.0,2.0,3.0,2.0,2.0,1.0,3.0,1.0,1.0,3.0,3.0,1.0,1.0,1.0,1.0,2.0,2.0,2.0,1.0,1.0,3.0
280,independent,653,4,0.0,0.0,0.0,4.0,4.0,4.0,4.0,4.0,4.0,4.0,4.0,1.0,1.0,4.0,4.0,1.0,1.0,1.0,1.0,4.0,4.0,1.0,1.0,1.0,1.0
281,independent,695,4,0.0,0.0,0.0,3.0,3.0,4.0,4.0,3.0,3.0,0.0,0.0,0.0,0.0,4.0,4.0,0.0,0.0,0.0,0.0,4.0,4.0,0.0,0.0,2.0,2.0
282,independent,814,2,1.0,2.0,0.0,3.0,1.0,4.0,0.0,2.0,3.0,2.0,1.0,1.0,3.0,4.0,3.0,1.0,4.0,0.0,3.0,3.0,2.0,1.0,2.0,2.0,1.0
283,independent,870,2,0.0,0.0,0.0,1.0,1.0,3.0,3.0,1.0,1.0,3.0,3.0,1.0,1.0,3.0,3.0,1.0,1.0,1.0,1.0,3.0,3.0,1.0,1.0,1.0,1.0
284,independent,886,2,0.0,0.0,0.0,1.0,1.0,3.0,3.0,1.0,1.0,3.0,3.0,1.0,1.0,4.0,4.0,0.0,0.0,0.0,0.0,3.0,4.0,0.0,0.0,3.0,4.0
285,independent,1384,4,0.0,1.0,2.0,1.0,2.0,3.0,3.0,1.0,1.0,2.0,2.0,1.0,1.0,1.0,1.0,1.0,1.0,1.0,1.0,2.0,2.0,1.0,1.0,3.0,3.0
286,independent,2023,4,1.0,2.0,0.0,4.0,3.0,0.0,1.0,4.0,3.0,2.0,3.0,4.0,3.0,4.0,3.0,0.0,3.0,0.0,1.0,3.0,2.0,1.0,1.0,1.0,0.0
287,independent,3259,4,1.0,2.0,2.0,1.0,1.0,1.0,0.0,1.0,1.0,2.0,2.0,1.0,1.0,3.0,3.0,0.0,0.0,0.0,0.0,3.0,3.0,0.0,0.0,2.0,2.0
288,independent,4487,4,0.0,0.0,0.0,1.0,1.0,3.0,3.0,1.0,1.0,3.0,3.0,1.0,1.0,3.0,3.0,1.0,1.0,1.0,1.0,4.0,4.0,1.0,1.0,3.0,3.0
289,independent,4568,2,0.0,1.0,0.0,2.0,2.0,3.0,3.0,2.0,2.0,3.0,3.0,0.0,0.0,4.0,4.0,0.0,0.0,0.0,0.0,4.0,4.0,0.0,0.0,0.0,0.0
290,independent,4747,4,1.0,1.0,1.0,3.0,1.0,2.0,2.0,2.0,2.0,2.0,3.0,3.0,0.0,3.0,3.0,1.0,1.0,1.0,1.0,1.0,4.0,4.0,0.0,0.0,4.0
291,independent,5198,2,0.0,0.0,0.0,3.0,3.0,4.0,3.0,4.0,3.0,3.0,3.0,3.0,3.0,3.0,3.0,2.0,2.0,3.0,3.0,3.0,3.0,4.0,4.0,2.0,1.0
292,independent,5351,4,1.0,2.0,2.0,0.0,0.0,2.0,2.0,0.0,0.0,0.0,1.0,0.0,0.0,4.0,4.0,0.0,0.0,0.0,0.0,2.0,2.0,0.0,0.0,0.0,3.0
293,independent,5590,2,0.0,1.0,1.0,1.0,3.0,3.0,3.0,1.0,1.0,3.0,3.0,1.0,1.0,2.0,2.0,1.0,1.0,1.0,1.0,3.0,3.0,1.0,1.0,2.0,3.0
294,independent,5867,4,1.0,2.0,2.0,1.0,3.0,3.0,3.0,1.0,3.0,3.0,3.0,1.0,3.0,3.0,3.0,1.0,1.0,1.0,0.0,3.0,3.0,1.0,1.0,3.0,3.0
295,independent,6519,4,2.0,2.0,2.0,0.0,4.0,2.0,1.0,0.0,3.0,1.0,1.0,0.0,2.0,3.0,3.0,3.0,0.0,0.0,0.0,0.0,3.0,1.0,0.0,0.0,3.0
296,independent,7710,2,1.0,0.0,2.0,1.0,3.0,3.0,3.0,1.0,3.0,2.0,2.0,1.0,1.0,2.0,3.0,1.0,1.0,1.0,1.0,1.0,3.0,1.0,1.0,1.0,1.0
297,independent,8415,4,2.0,2.0,2.0,3.0,3.0,1.0,1.0,2.0,2.0,2.0,2.0,3.0,3.0,3.0,3.0,0.0,0.0,0.0,0.0,1.0,1.0,1.0,1.0,1.0,1.0
298,independent,8535,4,0.0,0.0,0.0,2.0,2.0,4.0,4.0,4.0,4.0,4.0,4.0,4.0,4.0,4.0,4.0,0.0,0.0,0.0,0.0,4.0,4.0,0.0,0.0,4.0,4.0
299,independent,9143,4,0.0,0.0,0.0,3.0,2.0,3.0,4.0,3.0,2.0,3.0,4.0,4.0,3.0,3.0,4.0,3.0,2.0,3.0,4.0,3.0,2.0,4.0,2.0,3.0,4.0
300,independent1TryStopOther,7,4,2.0,2.0,2.0,0.0,4.0,4.0,0.0,0.0,4.0,3.0,0.0,0.0,4.0,0.0,4.0,0.0,1.0,0.0,0.0,4.0,2.0,0.0,1.0,4.0,1.0
301,independent1TryStopOther,81,4,2.0,2.0,2.0,0.0,4.0,4.0,0.0,0.0,4.0,4.0,0.0,0.0,2.0,1.0,3.0,0.0,0.0,2.0,0.0,2.0,2.0,0.0,0.0,0.0,0.0
302,independent1TryStopOther,107,4,1.0,2.0,2.0,1.0,4.0,2.0,3.0,3.0,2.0,3.0,4.0,3.0,2.0,2.0,3.0,3.0,2.0,3.0,4.0,3.0,2.0,2.0,3.0,4.0,4.0
303,independent1TryStopOther,255,4,2.0,2.0,2.0,1.0,3.0,3.0,1.0,1.0,3.0,3.0,1.0,1.0,3.0,1.0,3.0,1.0,1.0,1.0,1.0,1.0,3.0,1.0,1.0,1.0,3.0
304,independent1TryStopOther,367,4,1.0,2.0,1.0,3.0,4.0,2.0,1.0,1.0,2.0,3.0,2.0,2.0,3.0,1.0,4.0,1.0,0.0,2.0,3.0,3.0,1.0,2.0,3.0,1.0,3.0
305,independent1TryStopOther,417,4,2.0,2.0,2.0,1.0,4.0,1.0,1.0,1.0,3.0,2.0,1.0,1.0,2.0,1.0,3.0,1.0,1.0,2.0,1.0,1.0,2.0,1.0,1.0,1.0,1.0
306,independent1TryStopOther,591,4,2.0,2.0,2.0,2.0,1.0,3.0,1.0,2.0,2.0,4.0,0.0,1.0,2.0,1.0,3.0,1.0,1.0,1.0,2.0,1.0,2.0,1.0,3.0,3.0,1.0
307,independent1TryStopOther,669,4,0.0,0.0,0.0,1.0,3.0,3.0,1.0,1.0,3.0,3.0,3.0,1.0,3.0,3.0,3.0,1.0,1.0,0.0,1.0,1.0,3.0,3.0,1.0,1.0,1.0
308,independent1TryStopOther,695,4,0.0,0.0,0.0,3.0,3.0,4.0,4.0,4.0,4.0,4.0,3.0,1.0,1.0,4.0,4.0,0.0,0.0,0.0,0.0,3.0,3.0,0.0,0.0,2.0,2.0
309,independent1TryStopOther,1460,2,1.0,0.0,0.0,3.0,4.0,1.0,3.0,3.0,3.0,2.0,2.0,1.0,2.0,3.0,4.0,1.0,0.0,1.0,1.0,0.0,1.0,3.0,3.0,1.0,2.0
310,independent1TryStopOther,1862,2,0.0,1.0,2.0,1.0,1.0,2.0,2.0,3.0,1.0,1.0,1.0,1.0,1.0,3.0,3.0,1.0,1.0,1.0,1.0,1.0,1.0,1.0,1.0,1.0,1.0
311,independent1TryStopOther,2590,2,2.0,0.0,2.0,1.0,4.0,2.0,1.0,1.0,3.0,0.0,0.0,1.0,4.0,2.0,3.0,1.0,1.0,1.0,1.0,1.0,1.0,3.0,4.0,1.0,1.0
312,independent1TryStopOther,4867,4,1.0,0.0,1.0,1.0,3.0,1.0,3.0,2.0,2.0,3.0,2.0,3.0,1.0,1.0,3.0,1.0,1.0,1.0,1.0,2.0,3.0,1.0,2.0,3.0,2.0
313,independent1TryStopOther,5019,2,1.0,1.0,1.0,0.0,4.0,2.0,3.0,2.0,3.0,2.0,2.0,1.0,4.0,3.0,4.0,2.0,1.0,1.0,0.0,2.0,2.0,1.0,2.0,2.0,2.0
314,independent1TryStopOther,5840,2,0.0,1.0,1.0,3.0,2.0,4.0,3.0,1.0,1.0,3.0,2.0,2.0,1.0,3.0,2.0,1.0,1.0,2.0,3.0,2.0,3.0,3.0,2.0,3.0,3.0
315,independent1TryStopOther,7548,2,0.0,0.0,0.0,3.0,2.0,2.0,2.0,3.0,2.0,2.0,3.0,1.0,2.0,3.0,2.0,0.0,0.0,1.0,1.0,2.0,3.0,1.0,3.0,2.0,2.0
316,independent1TryStopOther,7715,2,0.0,0.0,0.0,1.0,3.0,3.0,1.0,3.0,3.0,3.0,1.0,2.0,3.0,3.0,3.0,3.0,1.0,3.0,3.0,3.0,3.0,3.0,3.0,3.0,3.0
317,independent1TryStopOther,7774,2,1.0,2.0,2.0,4.0,2.0,4.0,2.0,1.0,3.0,4.0,2.0,0.0,1.0,3.0,2.0,4.0,3.0,0.0,0.0,2.0,2.0,3.0,3.0,4.0,3.0
318,independent1TryStopOther,8084,2,0.0,0.0,0.0,1.0,4.0,2.0,4.0,1.0,3.0,4.0,4.0,2.0,3.0,3.0,4.0,0.0,0.0,4.0,1.0,3.0,4.0,2.0,2.0,4.0,3.0
319,independent1TryStopOther,8820,2,0.0,0.0,0.0,0.0,0.0,4.0,4.0,0.0,0.0,4.0,4.0,0.0,0.0,4.0,4.0,0.0,0.0,0.0,0.0,4.0,4.0,0.0,0.0,0.0,0.0
320,independent1TryStopOther,9066,2,0.0,1.0,0.0,2.0,2.0,3.0,3.0,1.0,1.0,3.0,3.0,1.0,1.0,4.0,4.0,1.0,1.0,2.0,2.0,3.0,3.0,1.0,1.0,2.0,2.0
321,independent1TryStopOther,9371,4,2.0,0.0,2.0,1.0,3.0,3.0,1.0,1.0,3.0,3.0,2.0,3.0,2.0,2.0,4.0,3.0,1.0,3.0,1.0,3.0,2.0,1.0,2.0,3.0,2.0
322,talk1Watch1Play,29,4,0.0,0.0,0.0,1.0,4.0,4.0,2.0,3.0,2.0,3.0,3.0,3.0,1.0,3.0,2.0,3.0,1.0,3.0,2.0,4.0,1.0,2.0,1.0,3.0,1.0
323,talk1Watch1Play,63,4,0.0,1.0,0.0,3.0,3.0,3.0,3.0,3.0,2.0,0.0,0.0,2.0,3.0,0.0,1.0,0.0,2.0,1.0,3.0,3.0,4.0,0.0,1.0,2.0,3.0
324,talk1Watch1Play,126,2,0.0,0.0,1.0,1.0,3.0,3.0,3.0,1.0,1.0,3.0,3.0,1.0,1.0,3.0,1.0,1.0,1.0,1.0,1.0,1.0,1.0,1.0,1.0,1.0,1.0
325,talk1Watch1Play,289,4,0.0,0.0,1.0,2.0,1.0,2.0,3.0,3.0,1.0,3.0,3.0,1.0,1.0,3.0,3.0,1.0,1.0,1.0,1.0,3.0,3.0,1.0,1.0,3.0,3.0
326,talk1Watch1Play,1031,4,0.0,0.0,0.0,3.0,2.0,4.0,4.0,2.0,2.0,4.0,4.0,0.0,0.0,4.0,3.0,0.0,0.0,0.0,0.0,4.0,4.0,0.0,0.0,4.0,4.0
327,talk1Watch1Play,1395,4,0.0,0.0,0.0,3.0,1.0,3.0,4.0,2.0,1.0,3.0,4.0,1.0,1.0,4.0,3.0,0.0,0.0,0.0,0.0,3.0,3.0,0.0,0.0,4.0,4.0
328,talk1Watch1Play,1508,2,0.0,1.0,0.0,1.0,1.0,2.0,0.0,4.0,3.0,3.0,3.0,3.0,0.0,2.0,0.0,0.0,1.0,1.0,3.0,2.0,2.0,4.0,4.0,4.0,0.0
329,talk1Watch1Play,2942,2,0.0,0.0,0.0,4.0,0.0,3.0,4.0,2.0,1.0,3.0,4.0,2.0,1.0,4.0,4.0,0.0,1.0,0.0,0.0,4.0,3.0,0.0,0.0,2.0,2.0
330,talk1Watch1Play,3127,4,1.0,0.0,0.0,3.0,2.0,3.0,4.0,2.0,2.0,3.0,4.0,3.0,2.0,3.0,4.0,1.0,3.0,3.0,2.0,2.0,3.0,3.0,4.0,2.0,3.0
331,talk1Watch1Play,3260,2,1.0,1.0,2.0,3.0,1.0,1.0,1.0,2.0,1.0,2.0,2.0,1.0,1.0,3.0,2.0,1.0,1.0,1.0,1.0,3.0,1.0,1.0,1.0,1.0,1.0
332,talk1Watch1Play,3335,2,0.0,0.0,2.0,2.0,2.0,2.0,2.0,1.0,2.0,3.0,3.0,0.0,0.0,4.0,0.0,2.0,2.0,3.0,0.0,4.0,0.0,2.0,0.0,2.0,2.0
333,talk1Watch1Play,3515,4,0.0,0.0,0.0,3.0,1.0,2.0,3.0,3.0,1.0,2.0,3.0,4.0,2.0,3.0,1.0,1.0,3.0,1.0,1.0,2.0,2.0,1.0,1.0,2.0,2.0
334,talk1Watch1Play,4236,2,0.0,0.0,0.0,1.0,3.0,3.0,3.0,1.0,1.0,3.0,3.0,1.0,1.0,3.0,3.0,1.0,1.0,1.0,1.0,3.0,3.0,1.0,1.0,2.0,2.0
335,talk1Watch1Play,4302,2,2.0,2.0,1.0,0.0,4.0,2.0,1.0,0.0,4.0,2.0,0.0,1.0,4.0,3.0,1.0,4.0,0.0,2.0,1.0,1.0,2.0,1.0,4.0,1.0,1.0
336,talk1Watch1Play,4487,4,0.0,0.0,0.0,2.0,2.0,3.0,3.0,1.0,1.0,3.0,3.0,1.0,1.0,3.0,4.0,0.0,0.0,0.0,0.0,3.0,4.0,0.0,0.0,3.0,3.0
337,talk1Watch1Play,4843,4,0.0,0.0,0.0,2.0,2.0,3.0,3.0,1.0,1.0,3.0,3.0,1.0,1.0,3.0,3.0,1.0,1.0,1.0,1.0,3.0,3.0,1.0,1.0,2.0,3.0
338,talk1Watch1Play,4935,4,0.0,0.0,0.0,3.0,2.0,3.0,3.0,3.0,2.0,3.0,3.0,2.0,2.0,4.0,2.0,1.0,1.0,1.0,1.0,2.0,2.0,1.0,1.0,2.0,3.0
339,talk1Watch1Play,5867,4,0.0,0.0,2.0,3.0,1.0,2.0,3.0,4.0,1.0,3.0,3.0,3.0,1.0,4.0,1.0,1.0,1.0,1.0,1.0,2.0,4.0,1.0,1.0,3.0,2.0
340,talk1Watch1Play,7051,4,0.0,1.0,2.0,3.0,4.0,1.0,4.0,2.0,4.0,3.0,4.0,2.0,3.0,3.0,2.0,1.0,2.0,2.0,3.0,4.0,3.0,2.0,4.0,3.0,1.0
341,talk1Watch1Play,7710,2,0.0,0.0,0.0,1.0,3.0,3.0,3.0,1.0,1.0,3.0,3.0,1.0,1.0,3.0,3.0,1.0,1.0,1.0,1.0,3.0,3.0,1.0,1.0,1.0,1.0
342,talk1Watch1Play,7715,2,0.0,2.0,2.0,3.0,3.0,3.0,3.0,1.0,1.0,3.0,3.0,3.0,3.0,3.0,3.0,1.0,1.0,3.0,3.0,3.0,3.0,2.0,2.0,2.0,2.0
343,talk1Watch1Play,8415,4,0.0,0.0,0.0,1.0,1.0,4.0,4.0,1.0,1.0,3.0,4.0,1.0,1.0,3.0,3.0,0.0,0.0,0.0,0.0,3.0,3.0,0.0,0.0,2.0,2.0
344,talk1Watch1Play,8655,4,0.0,0.0,1.0,2.0,1.0,2.0,3.0,2.0,2.0,1.0,3.0,4.0,2.0,3.0,3.0,1.0,3.0,4.0,2.0,1.0,3.0,1.0,2.0,1.0,1.0
345,talk1Watch1Play,9442,2,0.0,0.0,2.0,0.0,0.0,3.0,3.0,0.0,0.0,3.0,3.0,0.0,0.0,3.0,1.0,0.0,0.0,3.0,0.0,1.0,3.0,0.0,0.0,0.0,1.0
346,talk1Watch1Play,9664,2,2.0,2.0,2.0,3.0,1.0,1.0,1.0,3.0,1.0,1.0,0.0,3.0,2.0,4.0,2.0,1.0,1.0,0.0,0.0,1.0,1.0,0.0,0.0,1.0,1.0
347,talk1Watch1Play,9919,4,0.0,0.0,0.0,0.0,0.0,4.0,4.0,2.0,2.0,4.0,4.0,0.0,0.0,4.0,4.0,0.0,0.0,0.0,0.0,4.0,4.0,0.0,0.0,4.0,4.0
348,talkAnd1StopsOther,23,4,0.0,1.0,1.0,1.0,1.0,3.0,3.0,2.0,2.0,3.0,3.0,1.0,1.0,3.0,3.0,1.0,1.0,1.0,1.0,3.0,3.0,1.0,1.0,3.0,3.0
349,talkAnd1StopsOther,36,2,2.0,2.0,2.0,3.0,3.0,1.0,3.0,3.0,1.0,1.0,3.0,3.0,1.0,1.0,3.0,1.0,3.0,1.0,2.0,1.0,1.0,1.0,3.0,3.0,1.0
350,talkAnd1StopsOther,194,2,0.0,1.0,0.0,2.0,3.0,3.0,3.0,2.0,3.0,3.0,3.0,1.0,3.0,3.0,4.0,1.0,1.0,1.0,1.0,3.0,3.0,1.0,1.0,2.0,2.0
351,talkAnd1StopsOther,255,4,0.0,0.0,0.0,1.0,2.0,3.0,3.0,1.0,1.0,3.0,3.0,1.0,1.0,3.0,3.0,1.0,1.0,1.0,1.0,3.0,3.0,1.0,1.0,3.0,3.0
352,talkAnd1StopsOther,314,2,0.0,0.0,0.0,3.0,3.0,3.0,3.0,3.0,0.0,3.0,3.0,3.0,3.0,4.0,3.0,3.0,1.0,3.0,1.0,3.0,1.0,1.0,3.0,1.0,3.0
353,talkAnd1StopsOther,391,4,0.0,1.0,0.0,0.0,4.0,2.0,3.0,1.0,3.0,2.0,3.0,0.0,3.0,2.0,4.0,3.0,0.0,2.0,1.0,2.0,3.0,1.0,2.0,1.0,2.0
354,talkAnd1StopsOther,581,4,0.0,0.0,0.0,1.0,1.0,3.0,3.0,2.0,2.0,4.0,4.0,2.0,2.0,2.0,3.0,3.0,4.0,2.0,3.0,3.0,2.0,4.0,0.0,3.0,2.0
355,talkAnd1StopsOther,587,4,1.0,0.0,2.0,1.0,3.0,1.0,1.0,1.0,3.0,3.0,3.0,1.0,3.0,1.0,3.0,1.0,1.0,1.0,1.0,2.0,2.0,1.0,1.0,3.0,3.0
356,talkAnd1StopsOther,1383,4,0.0,0.0,0.0,1.0,4.0,4.0,3.0,3.0,4.0,4.0,3.0,4.0,3.0,3.0,4.0,4.0,3.0,3.0,4.0,4.0,3.0,3.0,4.0,4.0,3.0
357,talkAnd1StopsOther,1606,2,0.0,0.0,0.0,2.0,2.0,4.0,4.0,1.0,1.0,3.0,3.0,1.0,1.0,4.0,4.0,0.0,0.0,0.0,0.0,3.0,3.0,0.0,0.0,2.0,2.0
358,talkAnd1StopsOther,1803,4,0.0,0.0,0.0,1.0,1.0,3.0,3.0,1.0,1.0,3.0,3.0,1.0,1.0,3.0,3.0,1.0,1.0,1.0,1.0,3.0,3.0,1.0,1.0,3.0,3.0
359,talkAnd1StopsOther,2099,2,0.0,0.0,0.0,1.0,4.0,3.0,3.0,1.0,1.0,3.0,3.0,1.0,1.0,4.0,4.0,1.0,1.0,1.0,1.0,3.0,3.0,1.0,1.0,1.0,1.0
360,talkAnd1StopsOther,2291,4,1.0,2.0,1.0,3.0,2.0,4.0,2.0,1.0,3.0,3.0,3.0,4.0,1.0,3.0,3.0,2.0,4.0,3.0,3.0,1.0,4.0,3.0,3.0,4.0,1.0
361,talkAnd1StopsOther,4166,2,1.0,0.0,0.0,0.0,0.0,3.0,4.0,1.0,1.0,3.0,3.0,1.0,1.0,4.0,4.0,1.0,1.0,1.0,1.0,3.0,3.0,0.0,1.0,3.0,2.0
362,talkAnd1StopsOther,4568,2,0.0,0.0,0.0,1.0,4.0,3.0,3.0,0.0,3.0,2.0,3.0,0.0,4.0,4.0,4.0,3.0,0.0,0.0,0.0,3.0,4.0,0.0,0.0,0.0,0.0
363,talkAnd1StopsOther,5019,2,0.0,0.0,0.0,1.0,3.0,3.0,3.0,2.0,2.0,3.0,3.0,1.0,3.0,3.0,4.0,1.0,0.0,0.0,0.0,2.0,2.0,0.0,0.0,2.0,2.0
364,talkAnd1StopsOther,5590,2,0.0,0.0,0.0,1.0,1.0,3.0,3.0,1.0,1.0,3.0,3.0,1.0,1.0,3.0,3.0,1.0,1.0,1.0,1.0,3.0,3.0,1.0,1.0,3.0,3.0
365,talkAnd1StopsOther,6519,4,1.0,2.0,2.0,0.0,4.0,4.0,0.0,1.0,4.0,3.0,1.0,0.0,3.0,2.0,4.0,1.0,0.0,2.0,0.0,1.0,4.0,1.0,0.0,1.0,4.0
366,talkAnd1StopsOther,7596,2,1.0,2.0,0.0,1.0,4.0,3.0,3.0,2.0,4.0,3.0,4.0,3.0,4.0,2.0,3.0,2.0,1.0,1.0,1.0,3.0,4.0,1.0,1.0,3.0,3.0
367,talkAnd1StopsOther,7876,2,0.0,0.0,0.0,0.0,4.0,4.0,3.0,0.0,2.0,3.0,2.0,0.0,2.0,2.0,4.0,2.0,1.0,2.0,1.0,1.0,2.0,1.0,1.0,1.0,2.0
368,talkAnd1StopsOther,7927,4,0.0,0.0,0.0,3.0,4.0,4.0,3.0,3.0,4.0,3.0,4.0,4.0,3.0,3.0,4.0,3.0,1.0,1.0,1.0,3.0,3.0,1.0,1.0,3.0,4.0
369,talkAnd1StopsOther,9066,2,0.0,1.0,1.0,1.0,1.0,3.0,3.0,2.0,2.0,3.0,3.0,2.0,2.0,3.0,3.0,1.0,1.0,2.0,2.0,2.0,2.0,1.0,1.0,2.0,2.0
370,talkAndIndependent,29,4,0.0,0.0,2.0,2.0,3.0,3.0,4.0,1.0,2.0,4.0,3.0,0.0,0.0,3.0,4.0,0.0,0.0,0.0,1.0,3.0,2.0,0.0,0.0,3.0,1.0
371,talkAndIndependent,81,4,0.0,1.0,0.0,0.0,0.0,4.0,4.0,0.0,0.0,4.0,4.0,0.0,0.0,4.0,4.0,0.0,0.0,0.0,0.0,4.0,4.0,0.0,0.0,3.0,3.0
372,talkAndIndependent,87,4,0.0,1.0,2.0,0.0,4.0,3.0,2.0,0.0,3.0,3.0,2.0,0.0,3.0,3.0,4.0,0.0,0.0,0.0,0.0,2.0,3.0,0.0,0.0,2.0,3.0
373,talkAndIndependent,136,2,1.0,0.0,0.0,2.0,2.0,1.0,1.0,3.0,3.0,3.0,3.0,1.0,1.0,3.0,3.0,1.0,1.0,1.0,1.0,3.0,3.0,1.0,1.0,2.0,2.0
374,talkAndIndependent,268,2,0.0,0.0,0.0,2.0,2.0,3.0,3.0,2.0,2.0,3.0,3.0,1.0,1.0,3.0,3.0,1.0,1.0,0.0,0.0,2.0,2.0,1.0,1.0,2.0,2.0
375,talkAndIndependent,587,4,0.0,0.0,0.0,3.0,1.0,3.0,3.0,2.0,2.0,3.0,3.0,1.0,1.0,3.0,3.0,0.0,0.0,0.0,0.0,3.0,3.0,0.0,0.0,2.0,2.0
376,talkAndIndependent,695,4,0.0,0.0,0.0,4.0,4.0,4.0,4.0,3.0,3.0,4.0,4.0,0.0,0.0,4.0,4.0,0.0,0.0,0.0,0.0,3.0,3.0,0.0,0.0,3.0,3.0
377,talkAndIndependent,1315,4,0.0,0.0,0.0,0.0,3.0,3.0,3.0,2.0,3.0,3.0,3.0,0.0,0.0,2.0,4.0,1.0,1.0,0.0,2.0,2.0,1.0,0.0,0.0,1.0,2.0
378,talkAndIndependent,3479,4,0.0,0.0,0.0,0.0,0.0,2.0,3.0,3.0,2.0,2.0,1.0,3.0,1.0,2.0,1.0,3.0,1.0,1.0,2.0,3.0,1.0,2.0,3.0,3.0,1.0
379,talkAndIndependent,4302,2,0.0,0.0,1.0,2.0,3.0,3.0,1.0,1.0,3.0,3.0,1.0,1.0,3.0,3.0,3.0,2.0,1.0,2.0,1.0,2.0,2.0,2.0,3.0,1.0,1.0
380,talkAndIndependent,4568,2,0.0,0.0,0.0,2.0,2.0,4.0,4.0,1.0,1.0,4.0,4.0,0.0,0.0,4.0,4.0,0.0,0.0,0.0,0.0,4.0,4.0,0.0,0.0,2.0,2.0
381,talkAndIndependent,4747,4,0.0,0.0,0.0,1.0,3.0,4.0,4.0,1.0,1.0,4.0,4.0,0.0,0.0,3.0,3.0,1.0,1.0,0.0,0.0,3.0,3.0,0.0,0.0,3.0,3.0
382,talkAndIndependent,4874,2,2.0,2.0,2.0,3.0,1.0,2.0,2.0,2.0,2.0,1.0,2.0,3.0,1.0,3.0,3.0,1.0,3.0,1.0,3.0,2.0,2.0,1.0,2.0,2.0,2.0
383,talkAndIndependent,5171,2,1.0,0.0,0.0,2.0,2.0,0.0,0.0,2.0,2.0,3.0,3.0,1.0,1.0,3.0,3.0,1.0,1.0,1.0,1.0,2.0,2.0,1.0,1.0,3.0,3.0
384,talkAndIndependent,5198,2,0.0,0.0,0.0,4.0,3.0,3.0,4.0,3.0,4.0,4.0,3.0,3.0,4.0,3.0,4.0,4.0,4.0,4.0,4.0,3.0,4.0,3.0,0.0,3.0,4.0
385,talkAndIndependent,7599,2,0.0,0.0,0.0,1.0,3.0,3.0,3.0,1.0,1.0,3.0,3.0,1.0,1.0,3.0,3.0,1.0,1.0,1.0,1.0,2.0,2.0,1.0,1.0,1.0,1.0
386,talkAndIndependent,8067,2,2.0,2.0,0.0,4.0,1.0,2.0,1.0,3.0,1.0,1.0,1.0,4.0,1.0,3.0,1.0,1.0,4.0,1.0,4.0,3.0,1.0,1.0,2.0,3.0,1.0
387,talkAndIndependent,8408,2,1.0,1.0,1.0,3.0,1.0,2.0,2.0,3.0,3.0,2.0,2.0,1.0,1.0,3.0,3.0,1.0,3.0,2.0,3.0,2.0,2.0,3.0,1.0,1.0,1.0
388,talkAndIndependent,8415,4,0.0,0.0,0.0,1.0,1.0,3.0,3.0,1.0,1.0,3.0,3.0,1.0,1.0,2.0,3.0,0.0,0.0,0.0,0.0,3.0,3.0,0.0,0.0,2.0,2.0
389,talkAndIndependent,8791,4,1.0,1.0,1.0,2.0,3.0,3.0,2.0,2.0,3.0,4.0,3.0,2.0,3.0,3.0,1.0,3.0,4.0,3.0,2.0,2.0,3.0,3.0,4.0,3.0,2.0
390,talkAndIndependent,8911,4,0.0,0.0,0.0,1.0,3.0,3.0,3.0,3.0,3.0,3.0,3.0,0.0,0.0,4.0,4.0,0.0,0.0,0.0,0.0,4.0,4.0,0.0,0.0,2.0,3.0
391,talkAndIndependent,9371,4,0.0,1.0,1.0,1.0,3.0,3.0,3.0,1.0,3.0,3.0,3.0,1.0,3.0,3.0,1.0,2.0,2.0,3.0,4.0,3.0,3.0,1.0,3.0,3.0,1.0
392,talkAndIndependent,9527,2,2.0,2.0,2.0,1.0,3.0,0.0,3.0,1.0,1.0,1.0,2.0,2.0,2.0,0.0,3.0,4.0,2.0,4.0,3.0,1.0,3.0,2.0,2.0,0.0,0.0
393,talkAndSameArea,23,4,0.0,1.0,0.0,2.0,2.0,3.0,3.0,2.0,2.0,3.0,3.0,1.0,1.0,3.0,3.0,1.0,1.0,1.0,1.0,3.0,3.0,1.0,1.0,3.0,3.0
394,talkAndSameArea,63,4,1.0,0.0,2.0,3.0,2.0,3.0,3.0,2.0,1.0,1.0,2.0,2.0,3.0,3.0,2.0,3.0,2.0,0.0,2.0,3.0,2.0,1.0,2.0,2.0,3.0
395,talkAndSameArea,107,4,2.0,1.0,2.0,2.0,3.0,3.0,3.0,2.0,2.0,4.0,3.0,2.0,1.0,3.0,3.0,2.0,3.0,4.0,2.0,2.0,1.0,3.0,3.0,2.0,1.0
396,talkAndSameArea,132,2,0.0,1.0,0.0,0.0,4.0,4.0,3.0,0.0,4.0,4.0,2.0,0.0,4.0,4.0,3.0,4.0,0.0,1.0,0.0,1.0,0.0,0.0,3.0,4.0,1.0
397,talkAndSameArea,235,4,0.0,0.0,0.0,1.0,3.0,2.0,3.0,1.0,3.0,2.0,3.0,1.0,4.0,3.0,3.0,1.0,1.0,1.0,1.0,3.0,2.0,1.0,2.0,3.0,3.0
398,talkAndSameArea,581,4,0.0,0.0,0.0,1.0,1.0,1.0,3.0,3.0,1.0,3.0,4.0,2.0,2.0,3.0,2.0,3.0,2.0,3.0,1.0,2.0,2.0,2.0,1.0,3.0,2.0
399,talkAndSameArea,588,2,1.0,1.0,0.0,1.0,3.0,3.0,2.0,1.0,3.0,3.0,2.0,1.0,3.0,3.0,3.0,3.0,1.0,2.0,1.0,2.0,3.0,1.0,3.0,2.0,3.0
400,talkAndSameArea,772,2,0.0,0.0,0.0,1.0,1.0,3.0,3.0,2.0,2.0,3.0,3.0,1.0,1.0,3.0,3.0,1.0,1.0,1.0,1.0,3.0,3.0,1.0,1.0,2.0,2.0
401,talkAndSameArea,793,4,0.0,0.0,0.0,1.0,4.0,3.0,3.0,1.0,2.0,1.0,3.0,1.0,3.0,2.0,3.0,2.0,0.0,1.0,1.0,3.0,3.0,0.0,0.0,1.0,1.0
402,talkAndSameArea,870,2,1.0,0.0,2.0,1.0,3.0,3.0,1.0,1.0,2.0,3.0,2.0,1.0,2.0,3.0,1.0,1.0,1.0,1.0,1.0,1.0,1.0,1.0,2.0,1.0,1.0
403,talkAndSameArea,2942,2,1.0,1.0,1.0,2.0,2.0,3.0,3.0,0.0,0.0,2.0,2.0,1.0,1.0,4.0,4.0,3.0,3.0,0.0,0.0,2.0,2.0,0.0,0.0,2.0,2.0
404,talkAndSameArea,3115,4,0.0,1.0,2.0,1.0,4.0,3.0,3.0,4.0,1.0,2.0,3.0,3.0,3.0,4.0,4.0,4.0,1.0,1.0,1.0,1.0,4.0,2.0,0.0,0.0,2.0
405,talkAndSameArea,3515,4,1.0,1.0,1.0,1.0,3.0,3.0,2.0,1.0,3.0,2.0,2.0,1.0,3.0,3.0,3.0,2.0,1.0,1.0,1.0,2.0,2.0,1.0,1.0,2.0,2.0
406,talkAndSameArea,4150,2,0.0,1.0,1.0,1.0,3.0,0.0,0.0,3.0,3.0,3.0,3.0,1.0,1.0,3.0,3.0,1.0,1.0,1.0,1.0,2.0,2.0,1.0,1.0,1.0,1.0
407,talkAndSameArea,4236,2,0.0,1.0,0.0,1.0,1.0,3.0,3.0,1.0,1.0,2.0,2.0,1.0,1.0,3.0,3.0,1.0,1.0,1.0,1.0,2.0,2.0,1.0,1.0,2.0,2.0
408,talkAndSameArea,4843,4,1.0,2.0,1.0,1.0,2.0,1.0,1.0,3.0,3.0,2.0,2.0,2.0,3.0,3.0,3.0,1.0,1.0,1.0,1.0,2.0,2.0,1.0,1.0,2.0,2.0
409,talkAndSameArea,4874,2,0.0,1.0,0.0,2.0,2.0,3.0,3.0,2.0,2.0,3.0,3.0,1.0,1.0,4.0,4.0,1.0,1.0,1.0,1.0,3.0,3.0,1.0,1.0,2.0,2.0
410,talkAndSameArea,5812,2,0.0,0.0,0.0,2.0,2.0,3.0,3.0,1.0,1.0,2.0,2.0,1.0,1.0,3.0,3.0,1.0,1.0,1.0,1.0,3.0,3.0,1.0,1.0,2.0,2.0
411,talkAndSameArea,7548,2,1.0,1.0,1.0,2.0,2.0,3.0,3.0,3.0,3.0,1.0,1.0,2.0,2.0,3.0,2.0,1.0,2.0,0.0,1.0,3.0,3.0,0.0,0.0,1.0,2.0
412,talkAndSameArea,7875,2,1.0,2.0,2.0,3.0,1.0,1.0,3.0,3.0,1.0,0.0,0.0,3.0,1.0,3.0,1.0,1.0,3.0,1.0,1.0,1.0,0.0,1.0,0.0,3.0,4.0
413,talkAndSameArea,8066,2,0.0,0.0,0.0,0.0,0.0,4.0,4.0,0.0,0.0,4.0,4.0,0.0,0.0,4.0,4.0,0.0,0.0,0.0,0.0,4.0,4.0,0.0,0.0,4.0,4.0
414,talkAndSameArea,8655,4,1.0,1.0,2.0,3.0,2.0,1.0,1.0,3.0,2.0,1.0,3.0,3.0,2.0,4.0,1.0,3.0,3.0,3.0,1.0,1.0,3.0,0.0,0.0,0.0,0.0
415,talkAndSameArea,9143,4,0.0,0.0,0.0,3.0,2.0,4.0,3.0,2.0,3.0,4.0,3.0,3.0,4.0,3.0,2.0,3.0,4.0,4.0,2.0,3.0,4.0,3.0,2.0,4.0,3.0
416,talking1PushHand,23,4,0.0,1.0,0.0,2.0,2.0,3.0,3.0,2.0,2.0,3.0,3.0,1.0,1.0,3.0,3.0,1.0,1.0,1.0,1.0,3.0,3.0,1.0,1.0,3.0,3.0
417,talking1PushHand,81,4,0.0,0.0,0.0,2.0,3.0,2.0,3.0,1.0,4.0,3.0,3.0,3.0,1.0,1.0,4.0,0.0,0.0,0.0,0.0,3.0,3.0,0.0,0.0,3.0,3.0
418,talking1PushHand,289,4,0.0,0.0,2.0,1.0,1.0,2.0,2.0,1.0,1.0,3.0,3.0,1.0,1.0,3.0,3.0,0.0,0.0,0.0,0.0,3.0,3.0,0.0,0.0,3.0,2.0
419,talking1PushHand,391,4,0.0,0.0,0.0,3.0,3.0,3.0,3.0,3.0,3.0,3.0,3.0,3.0,2.0,2.0,3.0,2.0,1.0,0.0,0.0,3.0,3.0,2.0,2.0,2.0,3.0
420,talking1PushHand,444,2,0.0,0.0,0.0,1.0,1.0,4.0,4.0,1.0,1.0,3.0,3.0,0.0,0.0,3.0,3.0,0.0,0.0,1.0,1.0,3.0,3.0,0.0,0.0,3.0,3.0
421,talking1PushHand,568,2,2.0,2.0,2.0,3.0,1.0,1.0,2.0,3.0,1.0,3.0,3.0,1.0,2.0,1.0,2.0,2.0,2.0,3.0,2.0,1.0,3.0,3.0,1.0,1.0,3.0
422,talking1PushHand,591,4,0.0,0.0,1.0,3.0,1.0,2.0,3.0,3.0,2.0,2.0,3.0,2.0,2.0,4.0,3.0,1.0,3.0,1.0,1.0,3.0,1.0,2.0,2.0,2.0,2.0
423,talking1PushHand,647,4,0.0,0.0,0.0,2.0,3.0,4.0,3.0,2.0,3.0,3.0,4.0,2.0,3.0,3.0,4.0,3.0,4.0,4.0,2.0,2.0,3.0,3.0,4.0,3.0,4.0
424,talking1PushHand,681,4,0.0,1.0,0.0,4.0,1.0,1.0,3.0,0.0,0.0,2.0,3.0,4.0,1.0,2.0,4.0,0.0,0.0,0.0,0.0,3.0,3.0,0.0,0.0,3.0,3.0
425,talking1PushHand,1255,4,0.0,0.0,0.0,1.0,3.0,3.0,3.0,3.0,3.0,3.0,3.0,3.0,3.0,3.0,3.0,1.0,1.0,1.0,1.0,3.0,3.0,1.0,1.0,3.0,3.0
426,talking1PushHand,1606,2,1.0,0.0,1.0,1.0,3.0,3.0,3.0,1.0,4.0,2.0,2.0,1.0,4.0,3.0,4.0,1.0,0.0,1.0,1.0,2.0,2.0,2.0,3.0,1.0,1.0
427,talking1PushHand,1803,4,0.0,0.0,2.0,1.0,3.0,3.0,2.0,3.0,3.0,3.0,3.0,2.0,3.0,3.0,3.0,1.0,1.0,1.0,1.0,3.0,3.0,1.0,1.0,3.0,3.0
428,talking1PushHand,2099,2,1.0,0.0,1.0,4.0,1.0,1.0,3.0,1.0,3.0,2.0,3.0,1.0,3.0,1.0,3.0,3.0,1.0,1.0,1.0,1.0,1.0,1.0,3.0,1.0,1.0
429,talking1PushHand,2223,2,0.0,0.0,1.0,2.0,3.0,3.0,3.0,3.0,3.0,3.0,3.0,2.0,2.0,3.0,3.0,1.0,1.0,1.0,1.0,3.0,3.0,1.0,1.0,2.0,2.0
430,talking1PushHand,2251,4,0.0,0.0,0.0,1.0,3.0,4.0,4.0,0.0,0.0,4.0,4.0,0.0,0.0,4.0,4.0,0.0,0.0,0.0,0.0,4.0,4.0,0.0,0.0,4.0,4.0
431,talking1PushHand,2755,4,0.0,0.0,2.0,2.0,2.0,1.0,1.0,3.0,3.0,3.0,3.0,3.0,3.0,3.0,3.0,0.0,0.0,0.0,0.0,2.0,2.0,0.0,0.0,3.0,3.0
432,talking1PushHand,3048,2,0.0,0.0,1.0,1.0,3.0,3.0,3.0,1.0,1.0,3.0,3.0,1.0,1.0,3.0,3.0,1.0,1.0,1.0,1.0,2.0,2.0,1.0,1.0,3.0,3.0
433,talking1PushHand,3127,4,0.0,0.0,0.0,3.0,2.0,4.0,3.0,2.0,3.0,3.0,3.0,3.0,4.0,4.0,3.0,1.0,1.0,1.0,0.0,3.0,2.0,1.0,2.0,1.0,1.0
434,talking1PushHand,3259,4,0.0,0.0,0.0,1.0,3.0,4.0,4.0,0.0,0.0,4.0,4.0,0.0,0.0,4.0,4.0,0.0,0.0,0.0,0.0,4.0,4.0,0.0,0.0,3.0,3.0
435,talking1PushHand,4855,4,0.0,0.0,2.0,3.0,1.0,2.0,3.0,3.0,1.0,3.0,3.0,2.0,1.0,4.0,3.0,0.0,0.0,0.0,0.0,3.0,3.0,0.0,0.0,3.0,3.0
436,talking1PushHand,4874,2,1.0,0.0,1.0,1.0,3.0,3.0,3.0,2.0,2.0,3.0,2.0,0.0,0.0,3.0,3.0,2.0,1.0,1.0,1.0,2.0,2.0,1.0,0.0,1.0,1.0
437,talking1PushHand,4935,4,0.0,0.0,0.0,2.0,3.0,3.0,3.0,3.0,2.0,3.0,4.0,1.0,1.0,4.0,4.0,1.0,1.0,1.0,1.0,3.0,2.0,0.0,0.0,1.0,1.0
438,talking1PushHand,5026,2,1.0,0.0,1.0,0.0,4.0,4.0,4.0,4.0,4.0,4.0,4.0,3.0,3.0,3.0,1.0,1.0,4.0,0.0,0.0,0.0,0.0,0.0,0.0,0.0,0.0
439,talking1PushHand,5590,2,1.0,1.0,2.0,1.0,3.0,3.0,3.0,1.0,3.0,3.0,2.0,1.0,3.0,2.0,3.0,2.0,1.0,1.0,1.0,3.0,3.0,1.0,3.0,1.0,2.0
440,talking1PushHand,6111,4,0.0,0.0,0.0,3.0,0.0,3.0,3.0,0.0,0.0,3.0,3.0,1.0,1.0,4.0,4.0,0.0,0.0,0.0,0.0,3.0,3.0,1.0,1.0,2.0,2.0
441,talking1PushHand,7875,2,2.0,2.0,2.0,1.0,3.0,1.0,1.0,1.0,3.0,1.0,1.0,1.0,3.0,1.0,3.0,3.0,1.0,3.0,1.0,1.0,1.0,3.0,3.0,1.0,1.0
442,talking1PushHand,7876,2,0.0,1.0,0.0,1.0,3.0,3.0,3.0,1.0,2.0,3.0,2.0,1.0,3.0,3.0,3.0,1.0,0.0,1.0,0.0,3.0,3.0,0.0,0.0,2.0,3.0
443,talking1PushHand,8415,4,0.0,0.0,0.0,3.0,2.0,3.0,3.0,1.0,3.0,3.0,1.0,3.0,3.0,3.0,3.0,1.0,1.0,0.0,0.0,3.0,2.0,1.0,1.0,2.0,1.0
444,talking1PushHand,9115,4,0.0,0.0,0.0,3.0,0.0,4.0,4.0,0.0,0.0,3.0,4.0,1.0,0.0,3.0,4.0,0.0,0.0,0.0,0.0,4.0,4.0,0.0,0.0,4.0,4.0
445,talking1PushHand,9527,2,0.0,0.0,1.0,1.0,3.0,4.0,4.0,3.0,3.0,3.0,3.0,1.0,2.0,3.0,3.0,2.0,1.0,0.0,0.0,2.0,2.0,0.0,0.0,3.0,4.0
446,togetherAndCrocodile,7,4,0.0,0.0,0.0,0.0,1.0,4.0,4.0,3.0,3.0,4.0,4.0,3.0,3.0,4.0,4.0,0.0,0.0,0.0,0.0,4.0,4.0,0.0,0.0,4.0,4.0
447,togetherAndCrocodile,55,4,0.0,0.0,0.0,4.0,4.0,4.0,4.0,4.0,4.0,4.0,4.0,4.0,4.0,3.0,2.0,2.0,2.0,2.0,1.0,2.0,1.0,3.0,2.0,2.0,1.0
448,togetherAndCrocodile,98,2,0.0,0.0,0.0,1.0,1.0,3.0,3.0,2.0,2.0,3.0,3.0,1.0,1.0,3.0,3.0,1.0,1.0,1.0,1.0,3.0,3.0,1.0,1.0,2.0,2.0
449,togetherAndCrocodile,314,2,0.0,0.0,0.0,1.0,3.0,3.0,1.0,1.0,3.0,3.0,1.0,1.0,3.0,3.0,1.0,3.0,1.0,3.0,1.0,3.0,1.0,1.0,3.0,1.0,3.0
450,togetherAndCrocodile,539,4,0.0,0.0,0.0,3.0,4.0,4.0,3.0,3.0,3.0,4.0,4.0,1.0,0.0,4.0,3.0,1.0,0.0,0.0,0.0,3.0,4.0,0.0,0.0,0.0,0.0
451,togetherAndCrocodile,647,4,0.0,1.0,0.0,2.0,2.0,2.0,3.0,2.0,4.0,2.0,3.0,4.0,3.0,3.0,4.0,4.0,3.0,2.0,3.0,2.0,4.0,3.0,2.0,4.0,2.0
452,togetherAndCrocodile,653,4,0.0,0.0,0.0,4.0,4.0,4.0,4.0,4.0,4.0,4.0,4.0,1.0,1.0,4.0,4.0,1.0,1.0,1.0,1.0,4.0,4.0,1.0,1.0,1.0,1.0
453,togetherAndCrocodile,886,2,0.0,0.0,0.0,0.0,4.0,3.0,4.0,0.0,0.0,4.0,4.0,0.0,0.0,3.0,4.0,0.0,0.0,0.0,0.0,3.0,3.0,0.0,0.0,3.0,4.0
454,togetherAndCrocodile,945,4,0.0,0.0,0.0,2.0,2.0,4.0,4.0,1.0,1.0,4.0,4.0,0.0,1.0,4.0,4.0,0.0,0.0,0.0,0.0,4.0,4.0,0.0,0.0,4.0,4.0
455,togetherAndCrocodile,1255,4,0.0,0.0,0.0,1.0,3.0,3.0,3.0,2.0,2.0,3.0,3.0,1.0,1.0,3.0,3.0,1.0,1.0,1.0,1.0,3.0,3.0,1.0,1.0,3.0,3.0
456,togetherAndCrocodile,1659,2,0.0,1.0,0.0,1.0,1.0,3.0,3.0,1.0,1.0,2.0,2.0,0.0,0.0,4.0,4.0,0.0,0.0,0.0,0.0,2.0,2.0,0.0,0.0,3.0,3.0
457,togetherAndCrocodile,1862,2,1.0,0.0,1.0,3.0,3.0,3.0,3.0,3.0,3.0,1.0,1.0,1.0,1.0,3.0,0.0,1.0,1.0,1.0,1.0,1.0,1.0,1.0,1.0,1.0,1.0
458,togetherAndCrocodile,2023,4,0.0,0.0,0.0,3.0,1.0,2.0,3.0,4.0,1.0,3.0,4.0,4.0,1.0,4.0,3.0,1.0,1.0,1.0,1.0,3.0,3.0,1.0,0.0,3.0,4.0
459,togetherAndCrocodile,2291,4,0.0,0.0,0.0,2.0,2.0,3.0,3.0,4.0,3.0,4.0,4.0,2.0,3.0,4.0,4.0,3.0,0.0,0.0,0.0,4.0,4.0,0.0,0.0,4.0,4.0
460,togetherAndCrocodile,2942,2,0.0,0.0,2.0,0.0,0.0,2.0,2.0,4.0,4.0,3.0,3.0,3.0,3.0,4.0,4.0,0.0,0.0,0.0,0.0,4.0,4.0,0.0,0.0,4.0,4.0
461,togetherAndCrocodile,3259,4,0.0,0.0,0.0,1.0,1.0,3.0,3.0,1.0,1.0,4.0,4.0,1.0,1.0,4.0,4.0,0.0,0.0,0.0,0.0,3.0,3.0,0.0,0.0,3.0,3.0
462,togetherAndCrocodile,3335,2,0.0,1.0,0.0,3.0,4.0,2.0,1.0,3.0,4.0,1.0,0.0,3.0,4.0,4.0,4.0,2.0,2.0,2.0,2.0,3.0,3.0,4.0,4.0,2.0,2.0
463,togetherAndCrocodile,4150,2,0.0,0.0,0.0,1.0,3.0,3.0,3.0,1.0,1.0,3.0,3.0,1.0,1.0,3.0,3.0,1.0,1.0,1.0,1.0,1.0,1.0,1.0,1.0,2.0,2.0
464,togetherAndCrocodile,5623,2,0.0,0.0,0.0,1.0,4.0,3.0,3.0,1.0,1.0,3.0,3.0,1.0,1.0,4.0,4.0,1.0,1.0,1.0,0.0,2.0,2.0,1.0,1.0,3.0,3.0
465,togetherAndCrocodile,5840,2,0.0,0.0,0.0,4.0,3.0,2.0,2.0,4.0,3.0,4.0,4.0,3.0,2.0,4.0,3.0,0.0,0.0,0.0,0.0,3.0,2.0,0.0,0.0,3.0,4.0
466,togetherAndCrocodile,6307,2,0.0,0.0,0.0,0.0,4.0,4.0,4.0,0.0,0.0,4.0,4.0,0.0,0.0,4.0,4.0,0.0,0.0,0.0,0.0,4.0,4.0,0.0,0.0,4.0,4.0
467,togetherAndCrocodile,7440,2,0.0,2.0,0.0,3.0,3.0,3.0,3.0,2.0,3.0,3.0,3.0,2.0,2.0,3.0,3.0,1.0,1.0,2.0,1.0,2.0,3.0,1.0,1.0,3.0,3.0
468,togetherAndCrocodile,7710,2,1.0,1.0,1.0,1.0,3.0,3.0,2.0,1.0,3.0,3.0,1.0,1.0,3.0,1.0,3.0,1.0,1.0,1.0,1.0,1.0,3.0,1.0,1.0,1.0,1.0
469,togetherAndCrocodile,8066,2,0.0,1.0,1.0,0.0,4.0,4.0,3.0,1.0,3.0,3.0,3.0,1.0,4.0,3.0,4.0,3.0,1.0,1.0,0.0,3.0,3.0,1.0,3.0,3.0,1.0
470,togetherAndCrocodile,8535,4,0.0,0.0,0.0,2.0,2.0,4.0,4.0,4.0,4.0,4.0,4.0,0.0,0.0,4.0,4.0,0.0,0.0,0.0,0.0,4.0,4.0,0.0,0.0,4.0,4.0
471,togetherAndCrocodile,8536,4,0.0,0.0,0.0,3.0,3.0,3.0,3.0,2.0,2.0,3.0,3.0,1.0,1.0,3.0,3.0,0.0,0.0,0.0,0.0,3.0,3.0,1.0,1.0,4.0,4.0
472,togetherAndCrocodile,9066,2,1.0,2.0,1.0,1.0,4.0,3.0,2.0,2.0,3.0,2.0,2.0,1.0,3.0,3.0,3.0,3.0,1.0,3.0,1.0,2.0,3.0,1.0,2.0,1.0,2.0
473,togetherAndCrocodile,9115,4,0.0,0.0,0.0,1.0,3.0,4.0,4.0,0.0,0.0,4.0,4.0,0.0,0.0,4.0,4.0,0.0,0.0,0.0,0.0,4.0,4.0,0.0,0.0,4.0,4.0
474,togetherAndCrocodile,9919,4,0.0,0.0,0.0,2.0,2.0,0.0,0.0,2.0,2.0,4.0,4.0,0.0,0.0,0.0,0.0,0.0,0.0,0.0,0.0,2.0,2.0,0.0,0.0,4.0,4.0
475,togetherAndTalk,1,4,0.0,0.0,2.0,2.0,2.0,1.0,2.0,1.0,3.0,1.0,3.0,2.0,1.0,2.0,0.0,1.0,3.0,2.0,1.0,2.0,3.0,2.0,1.0,2.0,1.0
476,togetherAndTalk,38,2,0.0,0.0,2.0,1.0,3.0,2.0,2.0,3.0,3.0,3.0,3.0,3.0,3.0,3.0,3.0,1.0,1.0,3.0,1.0,1.0,3.0,1.0,1.0,2.0,3.0
477,togetherAndTalk,98,2,0.0,0.0,0.0,1.0,3.0,2.0,3.0,1.0,3.0,2.0,3.0,1.0,1.0,2.0,3.0,2.0,1.0,1.0,1.0,1.0,1.0,1.0,1.0,3.0,3.0
478,togetherAndTalk,107,4,1.0,0.0,2.0,3.0,2.0,4.0,3.0,2.0,2.0,2.0,3.0,3.0,2.0,4.0,3.0,3.0,2.0,1.0,0.0,3.0,3.0,2.0,1.0,3.0,3.0
479,togetherAndTalk,118,2,0.0,0.0,0.0,1.0,1.0,4.0,4.0,0.0,0.0,4.0,4.0,0.0,0.0,4.0,4.0,0.0,0.0,0.0,0.0,4.0,4.0,0.0,0.0,3.0,2.0
480,togetherAndTalk,171,4,1.0,1.0,2.0,1.0,1.0,1.0,1.0,2.0,2.0,2.0,3.0,2.0,1.0,3.0,3.0,1.0,1.0,1.0,1.0,3.0,3.0,1.0,1.0,3.0,3.0
481,togetherAndTalk,289,4,0.0,1.0,0.0,1.0,1.0,3.0,3.0,1.0,1.0,3.0,3.0,0.0,0.0,3.0,3.0,0.0,0.0,1.0,1.0,3.0,3.0,1.0,1.0,3.0,3.0
482,togetherAndTalk,367,4,2.0,1.0,2.0,4.0,3.0,2.0,3.0,0.0,2.0,4.0,3.0,3.0,1.0,1.0,2.0,4.0,3.0,3.0,2.0,3.0,2.0,1.0,3.0,1.0,3.0
483,togetherAndTalk,793,4,0.0,2.0,1.0,3.0,1.0,1.0,2.0,3.0,1.0,2.0,3.0,3.0,1.0,1.0,3.0,0.0,0.0,1.0,0.0,1.0,3.0,3.0,0.0,1.0,3.0
484,togetherAndTalk,1460,2,1.0,1.0,1.0,2.0,2.0,2.0,2.0,2.0,2.0,3.0,3.0,1.0,1.0,4.0,4.0,0.0,0.0,0.0,0.0,2.0,2.0,1.0,1.0,0.0,0.0
485,togetherAndTalk,1803,4,1.0,1.0,2.0,1.0,1.0,1.0,1.0,3.0,2.0,2.0,2.0,2.0,2.0,3.0,3.0,1.0,1.0,2.0,1.0,3.0,3.0,2.0,1.0,3.0,3.0
486,togetherAndTalk,1862,2,0.0,0.0,0.0,1.0,1.0,3.0,3.0,1.0,1.0,3.0,3.0,1.0,1.0,3.0,3.0,1.0,1.0,1.0,1.0,1.0,1.0,1.0,1.0,1.0,1.0
487,togetherAndTalk,3479,4,0.0,0.0,2.0,1.0,1.0,3.0,3.0,4.0,3.0,3.0,4.0,4.0,3.0,3.0,3.0,0.0,0.0,0.0,0.0,1.0,1.0,1.0,1.0,0.0,1.0
488,togetherAndTalk,4855,4,0.0,1.0,0.0,1.0,1.0,3.0,3.0,1.0,1.0,3.0,3.0,1.0,1.0,3.0,4.0,0.0,0.0,0.0,0.0,3.0,3.0,0.0,0.0,3.0,3.0
489,togetherAndTalk,4935,4,0.0,0.0,0.0,2.0,3.0,3.0,3.0,3.0,3.0,3.0,3.0,1.0,1.0,4.0,4.0,1.0,1.0,1.0,1.0,2.0,3.0,0.0,0.0,1.0,1.0
490,togetherAndTalk,5867,4,0.0,0.0,1.0,1.0,1.0,2.0,2.0,3.0,3.0,3.0,3.0,1.0,1.0,3.0,3.0,1.0,1.0,1.0,1.0,1.0,1.0,1.0,1.0,3.0,3.0
491,togetherAndTalk,6111,4,0.0,1.0,2.0,0.0,0.0,2.0,2.0,0.0,0.0,3.0,3.0,1.0,1.0,3.0,3.0,0.0,0.0,3.0,0.0,4.0,4.0,3.0,0.0,2.0,2.0
492,togetherAndTalk,6307,2,0.0,0.0,0.0,4.0,0.0,4.0,4.0,0.0,0.0,4.0,4.0,0.0,0.0,4.0,4.0,0.0,0.0,0.0,0.0,4.0,4.0,0.0,0.0,4.0,4.0
493,togetherAndTalk,7875,2,0.0,0.0,0.0,1.0,3.0,1.0,3.0,1.0,3.0,3.0,1.0,1.0,3.0,3.0,0.0,3.0,1.0,3.0,1.0,3.0,0.0,3.0,4.0,3.0,1.0
494,togetherAndTalk,8067,2,2.0,2.0,2.0,4.0,4.0,4.0,4.0,4.0,4.0,1.0,1.0,4.0,4.0,4.0,4.0,4.0,4.0,1.0,1.0,0.0,0.0,3.0,3.0,1.0,1.0
495,togetherAndTalk,8535,4,0.0,0.0,0.0,2.0,2.0,4.0,4.0,4.0,4.0,4.0,4.0,0.0,0.0,4.0,4.0,0.0,0.0,0.0,0.0,4.0,4.0,0.0,0.0,4.0,4.0
496,togetherAndTalk,8536,4,0.0,1.0,0.0,1.0,1.0,3.0,3.0,1.0,1.0,3.0,3.0,1.0,1.0,3.0,3.0,1.0,1.0,1.0,1.0,3.0,3.0,1.0,1.0,3.0,3.0
497,togetherAndTalk,8655,4,0.0,0.0,0.0,1.0,1.0,3.0,2.0,2.0,2.0,4.0,3.0,0.0,0.0,4.0,4.0,0.0,0.0,0.0,0.0,3.0,3.0,0.0,0.0,3.0,3.0
498,togetherAndTalk,8791,4,0.0,2.0,2.0,2.0,3.0,1.0,2.0,3.0,3.0,2.0,3.0,3.0,2.0,3.0,4.0,2.0,2.0,3.0,2.0,3.0,3.0,2.0,3.0,3.0,4.0
499,togetherAndTalk,9066,2,0.0,0.0,1.0,3.0,1.0,3.0,3.0,1.0,1.0,3.0,3.0,1.0,1.0,3.0,3.0,1.0,1.0,2.0,2.0,3.0,3.0,1.0,1.0,2.0,2.0
500,togetherAndTalk,9143,4,0.0,0.0,0.0,2.0,3.0,4.0,4.0,3.0,4.0,3.0,4.0,4.0,4.0,3.0,2.0,3.0,2.0,3.0,3.0,4.0,3.0,3.0,4.0,4.0,4.0
501,togetherAndTalk,9371,4,0.0,0.0,0.0,3.0,3.0,3.0,3.0,4.0,3.0,3.0,3.0,1.0,3.0,2.0,3.0,3.0,2.0,2.0,3.0,4.0,4.0,2.0,1.0,1.0,3.0
502,turnTaking,36,2,0.0,0.0,0.0,1.0,1.0,3.0,3.0,1.0,2.0,3.0,3.0,1.0,1.0,3.0,3.0,2.0,2.0,1.0,1.0,3.0,3.0,1.0,1.0,2.0,2.0
503,turnTaking,38,2,2.0,2.0,2.0,1.0,3.0,0.0,2.0,1.0,1.0,1.0,2.0,3.0,2.0,0.0,4.0,1.0,2.0,1.0,2.0,1.0,1.0,1.0,1.0,1.0,0.0
504,turnTaking,171,4,0.0,0.0,0.0,0.0,1.0,3.0,3.0,0.0,0.0,2.0,3.0,0.0,1.0,3.0,3.0,1.0,1.0,1.0,1.0,3.0,3.0,1.0,1.0,3.0,3.0
505,turnTaking,235,4,1.0,1.0,2.0,1.0,2.0,1.0,1.0,0.0,1.0,2.0,2.0,0.0,1.0,1.0,3.0,3.0,1.0,1.0,1.0,2.0,3.0,1.0,1.0,2.0,3.0
506,turnTaking,375,4,0.0,0.0,0.0,2.0,2.0,3.0,3.0,3.0,3.0,3.0,3.0,1.0,1.0,4.0,4.0,1.0,1.0,1.0,1.0,2.0,2.0,0.0,0.0,2.0,2.0
507,turnTaking,653,4,0.0,2.0,0.0,0.0,4.0,3.0,3.0,1.0,4.0,4.0,1.0,1.0,4.0,1.0,4.0,1.0,4.0,1.0,1.0,1.0,1.0,1.0,1.0,1.0,1.0
508,turnTaking,870,2,0.0,0.0,0.0,1.0,3.0,3.0,3.0,1.0,1.0,3.0,3.0,1.0,1.0,3.0,3.0,1.0,1.0,1.0,1.0,3.0,3.0,1.0,1.0,1.0,1.0
509,turnTaking,1031,4,0.0,0.0,0.0,0.0,0.0,4.0,4.0,2.0,2.0,4.0,4.0,0.0,0.0,4.0,4.0,0.0,0.0,0.0,0.0,2.0,2.0,0.0,0.0,3.0,3.0
510,turnTaking,1506,2,1.0,0.0,0.0,3.0,3.0,3.0,3.0,3.0,3.0,3.0,3.0,3.0,3.0,3.0,3.0,1.0,1.0,1.0,1.0,1.0,1.0,1.0,1.0,1.0,1.0
511,turnTaking,2223,2,0.0,2.0,0.0,0.0,4.0,4.0,4.0,2.0,4.0,4.0,4.0,1.0,3.0,3.0,4.0,3.0,0.0,2.0,0.0,3.0,3.0,0.0,0.0,0.0,0.0
512,turnTaking,2590,2,0.0,0.0,0.0,1.0,3.0,3.0,3.0,2.0,3.0,2.0,2.0,1.0,3.0,3.0,3.0,1.0,1.0,1.0,1.0,1.0,1.0,1.0,2.0,2.0,2.0
513,turnTaking,4236,2,0.0,0.0,0.0,3.0,1.0,3.0,3.0,1.0,1.0,3.0,3.0,1.0,1.0,3.0,3.0,1.0,1.0,1.0,1.0,3.0,3.0,1.0,1.0,2.0,2.0
514,turnTaking,4747,4,0.0,0.0,0.0,0.0,4.0,4.0,4.0,1.0,1.0,3.0,3.0,1.0,1.0,4.0,4.0,0.0,0.0,0.0,0.0,3.0,3.0,0.0,0.0,3.0,3.0
515,turnTaking,5198,2,0.0,0.0,0.0,3.0,4.0,4.0,3.0,4.0,3.0,3.0,4.0,3.0,4.0,3.0,4.0,4.0,3.0,3.0,4.0,3.0,4.0,3.0,4.0,4.0,3.0
516,turnTaking,5812,2,1.0,1.0,1.0,1.0,3.0,2.0,2.0,1.0,2.0,2.0,2.0,1.0,2.0,2.0,3.0,3.0,1.0,2.0,1.0,1.0,3.0,1.0,1.0,1.0,2.0
517,turnTaking,8067,2,0.0,0.0,0.0,1.0,4.0,3.0,0.0,2.0,2.0,4.0,4.0,0.0,1.0,3.0,4.0,0.0,0.0,1.0,1.0,3.0,3.0,0.0,0.0,3.0,3.0
518,turnTaking,8536,4,0.0,1.0,1.0,1.0,3.0,3.0,3.0,1.0,1.0,3.0,3.0,0.0,1.0,3.0,4.0,1.0,0.0,1.0,1.0,3.0,3.0,0.0,0.0,3.0,3.0
519,turnTaking,8791,4,1.0,2.0,0.0,3.0,2.0,1.0,2.0,1.0,2.0,3.0,2.0,3.0,4.0,3.0,2.0,2.0,1.0,2.0,3.0,3.0,4.0,3.0,3.0,2.0,2.0
520,turnTaking,9115,4,1.0,1.0,1.0,0.0,1.0,2.0,3.0,0.0,0.0,2.0,3.0,0.0,0.0,1.0,3.0,3.0,0.0,2.0,0.0,1.0,4.0,0.0,0.0,1.0,4.0
521,turnTaking,9442,2,0.0,0.0,2.0,0.0,0.0,1.0,1.0,4.0,4.0,3.0,3.0,0.0,0.0,3.0,3.0,0.0,0.0,0.0,0.0,4.0,4.0,0.0,0.0,3.0,3.0
522,turnTaking,9527,2,1.0,0.0,0.0,1.0,4.0,2.0,3.0,2.0,2.0,3.0,3.0,1.0,1.0,3.0,4.0,4.0,4.0,2.0,2.0,1.0,1.0,0.0,0.0,3.0,3.0
523,turnTaking,9664,2,1.0,2.0,2.0,3.0,3.0,1.0,1.0,2.0,2.0,1.0,1.0,1.0,1.0,2.0,2.0,0.0,0.0,1.0,0.0,1.0,1.0,3.0,3.0,1.0,2.0
524,turnTaking,9927,4,0.0,1.0,2.0,2.0,2.0,3.0,3.0,0.0,0.0,4.0,2.0,0.0,0.0,4.0,3.0,0.0,0.0,0.0,0.0,4.0,4.0,0.0,0.0,3.0,3.0
525,turnTaking2,1,4,1.0,0.0,2.0,3.0,2.0,1.0,2.0,3.0,2.0,1.0,3.0,3.0,2.0,3.0,3.0,1.0,3.0,3.0,2.0,2.0,3.0,2.0,1.0,1.0,3.0
526,turnTaking2,36,2,0.0,1.0,0.0,1.0,3.0,3.0,1.0,1.0,3.0,3.0,2.0,1.0,3.0,3.0,3.0,2.0,2.0,1.0,1.0,3.0,1.0,1.0,3.0,2.0,3.0
527,turnTaking2,63,4,0.0,0.0,0.0,2.0,2.0,1.0,3.0,2.0,3.0,0.0,2.0,2.0,3.0,0.0,1.0,0.0,0.0,0.0,2.0,3.0,3.0,0.0,2.0,2.0,3.0
528,turnTaking2,107,4,1.0,1.0,0.0,3.0,2.0,3.0,3.0,3.0,4.0,3.0,2.0,0.0,1.0,3.0,3.0,3.0,4.0,1.0,2.0,1.0,1.0,0.0,2.0,2.0,2.0
529,turnTaking2,171,4,0.0,0.0,1.0,1.0,1.0,3.0,3.0,1.0,1.0,4.0,4.0,1.0,1.0,4.0,4.0,1.0,1.0,1.0,1.0,3.0,3.0,1.0,1.0,3.0,3.0
530,turnTaking2,194,2,0.0,0.0,0.0,2.0,3.0,3.0,3.0,3.0,3.0,3.0,3.0,1.0,1.0,4.0,4.0,1.0,1.0,1.0,1.0,3.0,3.0,1.0,1.0,3.0,3.0
531,turnTaking2,268,2,0.0,0.0,0.0,1.0,3.0,3.0,3.0,3.0,2.0,3.0,3.0,1.0,3.0,3.0,3.0,1.0,1.0,1.0,1.0,2.0,2.0,1.0,1.0,2.0,2.0
532,turnTaking2,390,2,0.0,0.0,0.0,1.0,2.0,4.0,4.0,0.0,0.0,4.0,4.0,1.0,1.0,4.0,4.0,0.0,0.0,0.0,0.0,3.0,3.0,0.0,0.0,2.0,2.0
533,turnTaking2,588,2,0.0,0.0,0.0,3.0,2.0,3.0,3.0,4.0,3.0,4.0,4.0,1.0,1.0,4.0,3.0,1.0,2.0,1.0,1.0,3.0,3.0,1.0,1.0,3.0,3.0
534,turnTaking2,647,4,0.0,1.0,0.0,2.0,0.0,0.0,0.0,2.0,3.0,2.0,3.0,2.0,3.0,4.0,3.0,3.0,4.0,3.0,4.0,4.0,2.0,2.0,3.0,2.0,3.0
535,turnTaking2,669,4,0.0,0.0,0.0,0.0,0.0,4.0,3.0,4.0,1.0,3.0,3.0,1.0,1.0,4.0,1.0,1.0,0.0,1.0,0.0,3.0,3.0,0.0,0.0,1.0,0.0
536,turnTaking2,772,2,0.0,0.0,0.0,2.0,2.0,3.0,3.0,1.0,1.0,3.0,3.0,1.0,1.0,3.0,3.0,1.0,1.0,1.0,1.0,3.0,3.0,1.0,1.0,3.0,3.0
537,turnTaking2,945,4,0.0,0.0,0.0,2.0,2.0,4.0,4.0,1.0,2.0,4.0,4.0,1.0,1.0,4.0,4.0,0.0,0.0,0.0,0.0,4.0,4.0,0.0,1.0,4.0,4.0
538,turnTaking2,1255,4,0.0,0.0,0.0,3.0,2.0,3.0,3.0,1.0,1.0,3.0,3.0,1.0,1.0,3.0,2.0,1.0,1.0,1.0,1.0,3.0,3.0,1.0,1.0,2.0,2.0
539,turnTaking2,1384,4,0.0,0.0,0.0,3.0,2.0,3.0,3.0,1.0,1.0,3.0,3.0,1.0,1.0,3.0,3.0,1.0,1.0,1.0,1.0,3.0,3.0,1.0,1.0,1.0,1.0
540,turnTaking2,1395,4,0.0,0.0,0.0,3.0,1.0,3.0,3.0,3.0,1.0,3.0,3.0,2.0,1.0,4.0,1.0,1.0,1.0,1.0,0.0,3.0,4.0,1.0,1.0,1.0,4.0
541,turnTaking2,1606,2,0.0,0.0,0.0,3.0,3.0,3.0,3.0,4.0,4.0,0.0,0.0,3.0,3.0,3.0,3.0,0.0,0.0,0.0,0.0,3.0,3.0,0.0,0.0,1.0,1.0
542,turnTaking2,3048,2,0.0,0.0,2.0,1.0,3.0,3.0,3.0,1.0,3.0,3.0,3.0,1.0,1.0,3.0,3.0,1.0,1.0,1.0,1.0,1.0,1.0,1.0,1.0,3.0,3.0
543,turnTaking2,3515,4,0.0,0.0,0.0,2.0,2.0,3.0,3.0,2.0,2.0,3.0,3.0,1.0,1.0,3.0,3.0,1.0,1.0,1.0,1.0,3.0,3.0,1.0,1.0,2.0,2.0
544,turnTaking2,4150,2,0.0,1.0,2.0,2.0,2.0,2.0,2.0,3.0,3.0,3.0,2.0,1.0,1.0,3.0,3.0,2.0,2.0,1.0,1.0,1.0,1.0,1.0,1.0,1.0,1.0
545,turnTaking2,4747,4,0.0,0.0,0.0,2.0,2.0,4.0,4.0,2.0,2.0,3.0,3.0,1.0,1.0,4.0,4.0,0.0,0.0,0.0,0.0,3.0,3.0,0.0,0.0,2.0,2.0
546,turnTaking2,5812,2,0.0,0.0,0.0,1.0,1.0,3.0,3.0,1.0,1.0,3.0,3.0,1.0,1.0,3.0,3.0,1.0,1.0,1.0,1.0,3.0,3.0,1.0,1.0,2.0,2.0
547,turnTaking2,7548,2,0.0,0.0,0.0,1.0,1.0,2.0,2.0,1.0,1.0,3.0,3.0,1.0,1.0,2.0,2.0,0.0,1.0,0.0,1.0,2.0,2.0,1.0,1.0,1.0,1.0
548,turnTaking2,7735,4,0.0,0.0,0.0,0.0,0.0,4.0,4.0,1.0,1.0,3.0,3.0,0.0,0.0,4.0,4.0,0.0,0.0,1.0,1.0,3.0,3.0,1.0,0.0,2.0,3.0
549,turnTaking2,8084,2,0.0,0.0,0.0,1.0,4.0,0.0,0.0,3.0,4.0,4.0,3.0,2.0,2.0,3.0,4.0,0.0,0.0,1.0,1.0,0.0,0.0,1.0,1.0,4.0,3.0
550,turnTaking2,8536,4,0.0,1.0,0.0,1.0,3.0,3.0,3.0,1.0,2.0,3.0,3.0,1.0,1.0,3.0,3.0,1.0,0.0,1.0,1.0,3.0,4.0,1.0,1.0,3.0,4.0
551,turnTaking2,9927,4,0.0,0.0,0.0,2.0,2.0,4.0,4.0,0.0,0.0,4.0,4.0,0.0,0.0,4.0,4.0,0.0,0.0,0.0,0.0,4.0,4.0,0.0,0.0,4.0,4.0
